Humidity,Temperature,Time
66,21,15/09/2019 11:03:48
66,21,15/09/2019 11:03:58
65,21,15/09/2019 11:04:08
65,21,15/09/2019 11:04:19
65,21,15/09/2019 11:04:29
65,21,15/09/2019 11:04:39
65,21,15/09/2019 11:04:50
65,21,15/09/2019 11:05:00
65,21,15/09/2019 11:05:10
65,21,15/09/2019 11:05:21
65,21,15/09/2019 11:05:31
65,21,15/09/2019 11:05:42
65,21,15/09/2019 11:05:53
65,21,15/09/2019 11:06:04
65,21,15/09/2019 11:06:14
65,21,15/09/2019 11:06:25
65,21,15/09/2019 11:06:35
65,21,15/09/2019 11:06:45
65,21,15/09/2019 11:06:55
65,21,15/09/2019 11:07:06
65,21,15/09/2019 11:07:16
65,21,15/09/2019 11:07:27
65,21,15/09/2019 11:07:37
65,21,15/09/2019 11:07:47
65,21,15/09/2019 11:07:57
65,21,15/09/2019 11:08:07
65,21,15/09/2019 11:08:19
65,21,15/09/2019 11:08:29
65,21,15/09/2019 11:08:40
65,21,15/09/2019 11:08:50
65,21,15/09/2019 11:09:00
65,21,15/09/2019 11:09:11
65,21,15/09/2019 11:09:21
65,21,15/09/2019 11:09:33
65,21,15/09/2019 11:09:43
65,21,15/09/2019 11:09:54
65,21,15/09/2019 11:10:04
65,21,15/09/2019 11:10:14
65,21,15/09/2019 11:10:24
65,21,15/09/2019 11:10:34
65,21,15/09/2019 11:10:45
65,21,15/09/2019 11:10:55
65,21,15/09/2019 11:11:05
65,21,15/09/2019 11:11:15
65,21,15/09/2019 11:11:25
65,21,15/09/2019 11:11:35
65,21,15/09/2019 11:11:46
65,21,15/09/2019 11:11:56
65,21,15/09/2019 11:12:08
65,21,15/09/2019 11:12:18
65,21,15/09/2019 11:12:28
65,21,15/09/2019 11:12:39
65,21,15/09/2019 11:12:49
65,21,15/09/2019 11:12:59
65,21,15/09/2019 11:13:09
65,21,15/09/2019 11:13:19
65,21,15/09/2019 11:13:31
65,21,15/09/2019 11:13:41
65,21,15/09/2019 11:13:52
65,21,15/09/2019 11:14:02
65,21,15/09/2019 11:14:12
65,21,15/09/2019 11:14:24
65,21,15/09/2019 11:14:34
65,21,15/09/2019 11:14:45
65,21,15/09/2019 11:14:56
65,21,15/09/2019 11:15:06
65,21,15/09/2019 11:15:18
65,21,15/09/2019 11:15:28
65,21,15/09/2019 11:15:38
65,21,15/09/2019 11:15:48
65,21,15/09/2019 11:15:58
65,21,15/09/2019 11:16:09
65,21,15/09/2019 11:16:19
65,21,15/09/2019 11:16:29
65,21,15/09/2019 11:16:40
65,21,15/09/2019 11:16:50
65,21,15/09/2019 11:17:00
65,21,15/09/2019 11:17:11
65,21,15/09/2019 11:17:22
65,21,15/09/2019 11:17:32
65,21,15/09/2019 11:17:44
65,21,15/09/2019 11:17:54
65,21,15/09/2019 11:18:04
65,21,15/09/2019 11:18:14
65,21,15/09/2019 11:18:24
65,21,15/09/2019 11:18:34
65,21,15/09/2019 11:18:44
65,21,15/09/2019 11:18:54
65,21,15/09/2019 11:19:04
65,21,15/09/2019 11:19:14
65,21,15/09/2019 11:19:26
65,21,15/09/2019 11:19:36
65,21,15/09/2019 11:19:47
65,21,15/09/2019 11:19:57
65,21,15/09/2019 11:20:08
65,21,15/09/2019 11:20:19
65,21,15/09/2019 11:20:30
65,21,15/09/2019 11:20:40
65,21,15/09/2019 11:20:51
65,21,15/09/2019 11:21:01
65,21,15/09/2019 11:21:11
65,21,15/09/2019 11:21:22
65,21,15/09/2019 11:21:32
65,21,15/09/2019 11:21:43
65,21,15/09/2019 11:21:53
65,21,15/09/2019 11:22:04
65,21,15/09/2019 11:22:14
65,21,15/09/2019 11:22:26
65,21,15/09/2019 11:22:36
65,21,15/09/2019 11:22:46
65,21,15/09/2019 11:22:56
65,21,15/09/2019 11:23:06
65,21,15/09/2019 11:23:17
65,21,15/09/2019 11:23:27
64,21,15/09/2019 11:23:39
64,21,15/09/2019 11:23:49
64,21,15/09/2019 11:24:00
64,21,15/09/2019 11:24:10
64,21,15/09/2019 11:24:21
64,21,15/09/2019 11:24:32
64,21,15/09/2019 11:24:43
64,21,15/09/2019 11:24:53
64,21,15/09/2019 11:25:03
64,21,15/09/2019 11:25:13
64,21,15/09/2019 11:25:23
65,21,15/09/2019 11:25:34
65,21,15/09/2019 11:25:45
65,21,15/09/2019 11:25:56
64,21,15/09/2019 11:26:06
64,21,15/09/2019 11:26:17
64,21,15/09/2019 11:26:27
64,21,15/09/2019 11:26:39
64,21,15/09/2019 11:26:49
64,21,15/09/2019 11:27:00
64,21,15/09/2019 11:27:10
64,21,15/09/2019 11:27:20
64,21,15/09/2019 11:27:30
64,21,15/09/2019 11:27:40
64,21,15/09/2019 11:27:50
64,21,15/09/2019 11:28:00
64,21,15/09/2019 11:28:11
64,21,15/09/2019 11:28:21
64,21,15/09/2019 11:28:32
64,21,15/09/2019 11:28:42
64,21,15/09/2019 11:28:52
64,21,15/09/2019 11:29:03
64,21,15/09/2019 11:29:15
64,21,15/09/2019 11:29:25
64,21,15/09/2019 11:29:36
64,21,15/09/2019 11:29:46
64,21,15/09/2019 11:29:57
64,21,15/09/2019 11:30:08
64,21,15/09/2019 11:30:19
64,21,15/09/2019 11:30:29
64,21,15/09/2019 11:30:39
64,21,15/09/2019 11:30:49
64,21,15/09/2019 11:30:59
64,21,15/09/2019 11:31:09
64,21,15/09/2019 11:31:19
64,21,15/09/2019 11:31:29
64,21,15/09/2019 11:31:40
64,21,15/09/2019 11:31:51
64,21,15/09/2019 11:32:02
64,21,15/09/2019 11:32:12
64,21,15/09/2019 11:32:24
64,21,15/09/2019 11:32:34
64,21,15/09/2019 11:32:45
64,21,15/09/2019 11:32:55
64,21,15/09/2019 11:33:06
64,21,15/09/2019 11:33:16
64,21,15/09/2019 11:33:28
64,21,15/09/2019 11:33:38
64,21,15/09/2019 11:33:49
64,21,15/09/2019 11:33:59
64,21,15/09/2019 11:34:09
64,21,15/09/2019 11:34:19
64,21,15/09/2019 11:34:29
64,21,15/09/2019 11:34:41
64,21,15/09/2019 11:34:51
64,21,15/09/2019 11:35:01
64,21,15/09/2019 11:35:12
64,21,15/09/2019 11:35:22
64,21,15/09/2019 11:35:34
64,21,15/09/2019 11:35:45
64,21,15/09/2019 11:35:55
64,21,15/09/2019 11:36:06
64,21,15/09/2019 11:36:16
64,21,15/09/2019 11:36:28
64,21,15/09/2019 11:36:38
64,21,15/09/2019 11:36:49
64,21,15/09/2019 11:36:59
64,21,15/09/2019 11:37:09
64,21,15/09/2019 11:37:19
64,21,15/09/2019 11:37:29
64,21,15/09/2019 11:37:39
64,21,15/09/2019 11:37:49
64,21,15/09/2019 11:38:00
64,21,15/09/2019 11:38:10
64,21,15/09/2019 11:38:21
64,21,15/09/2019 11:38:32
64,21,15/09/2019 11:38:42
64,21,15/09/2019 11:38:54
64,21,15/09/2019 11:39:04
64,21,15/09/2019 11:39:15
64,21,15/09/2019 11:39:25
64,21,15/09/2019 11:39:35
64,21,15/09/2019 11:39:45
64,21,15/09/2019 11:39:57
64,21,15/09/2019 11:40:07
64,21,15/09/2019 11:40:18
64,21,15/09/2019 11:40:28
63,21,15/09/2019 11:40:39
63,21,15/09/2019 11:40:49
64,21,15/09/2019 11:40:59
64,21,15/09/2019 11:41:10
64,21,15/09/2019 11:41:20
64,21,15/09/2019 11:41:30
64,21,15/09/2019 11:41:40
64,21,15/09/2019 11:41:50
63,21,15/09/2019 11:42:00
63,21,15/09/2019 11:42:11
63,21,15/09/2019 11:42:21
63,21,15/09/2019 11:42:31
64,21,15/09/2019 11:42:43
63,21,15/09/2019 11:42:53
63,21,15/09/2019 11:43:03
63,21,15/09/2019 11:43:14
63,21,15/09/2019 11:43:24
63,21,15/09/2019 11:43:36
63,21,15/09/2019 11:43:46
63,21,15/09/2019 11:43:57
63,21,15/09/2019 11:44:07
63,21,15/09/2019 11:44:17
63,21,15/09/2019 11:44:28
63,21,15/09/2019 11:44:39
63,21,15/09/2019 11:44:50
63,21,15/09/2019 11:45:00
63,21,15/09/2019 11:45:10
63,21,15/09/2019 11:45:21
63,21,15/09/2019 11:45:31
63,21,15/09/2019 11:45:41
63,21,15/09/2019 11:45:53
63,21,15/09/2019 11:46:03
63,21,15/09/2019 11:46:13
64,21,15/09/2019 11:46:23
63,21,15/09/2019 11:46:33
63,21,15/09/2019 11:46:43
63,21,15/09/2019 11:46:53
63,21,15/09/2019 11:47:03
63,21,15/09/2019 11:47:13
63,21,15/09/2019 11:47:24
63,21,15/09/2019 11:47:35
63,21,15/09/2019 11:47:45
63,21,15/09/2019 11:47:55
63,21,15/09/2019 11:48:06
63,21,15/09/2019 11:48:16
63,21,15/09/2019 11:48:29
63,21,15/09/2019 11:48:39
63,21,15/09/2019 11:48:49
63,21,15/09/2019 11:48:59
63,21,15/09/2019 11:49:09
63,21,15/09/2019 11:49:19
63,21,15/09/2019 11:49:29
63,21,15/09/2019 11:49:40
63,21,15/09/2019 11:49:50
63,21,15/09/2019 11:50:01
63,21,15/09/2019 11:50:11
63,21,15/09/2019 11:50:23
63,21,15/09/2019 11:50:35
63,21,15/09/2019 11:50:45
63,21,15/09/2019 11:50:55
63,21,15/09/2019 11:51:06
63,21,15/09/2019 11:51:16
63,21,15/09/2019 11:51:28
63,21,15/09/2019 11:51:38
63,21,15/09/2019 11:51:48
63,21,15/09/2019 11:51:58
63,21,15/09/2019 11:52:08
63,21,15/09/2019 11:52:18
63,21,15/09/2019 11:52:28
63,21,15/09/2019 11:52:38
63,21,15/09/2019 11:52:48
63,21,15/09/2019 11:52:58
64,21,15/09/2019 11:53:08
64,21,15/09/2019 11:53:20
64,21,15/09/2019 11:53:30
64,21,15/09/2019 11:53:40
64,21,15/09/2019 11:53:50
64,21,15/09/2019 11:54:00
64,21,15/09/2019 11:54:10
64,21,15/09/2019 11:54:22
64,21,15/09/2019 11:54:32
64,21,15/09/2019 11:54:42
64,21,15/09/2019 11:54:52
64,21,15/09/2019 11:55:02
64,21,15/09/2019 11:55:13
64,21,15/09/2019 11:55:23
64,21,15/09/2019 11:55:35
63,21,15/09/2019 11:55:45
64,21,15/09/2019 11:55:56
64,21,15/09/2019 11:56:06
64,21,15/09/2019 11:56:16
64,21,15/09/2019 11:56:27
64,21,15/09/2019 11:56:37
64,21,15/09/2019 11:56:49
63,21,15/09/2019 11:56:59
64,21,15/09/2019 11:57:10
64,21,15/09/2019 11:57:20
64,21,15/09/2019 11:57:32
64,21,15/09/2019 11:57:42
64,21,15/09/2019 11:57:53
64,21,15/09/2019 11:58:04
64,21,15/09/2019 11:58:14
64,21,15/09/2019 11:58:26
63,21,15/09/2019 11:58:36
63,21,15/09/2019 11:58:47
63,21,15/09/2019 11:58:57
63,21,15/09/2019 11:59:07
64,21,15/09/2019 11:59:18
63,21,15/09/2019 11:59:28
63,21,15/09/2019 11:59:40
64,21,15/09/2019 11:59:50
64,21,15/09/2019 12:00:01
64,21,15/09/2019 12:00:11
64,21,15/09/2019 12:00:21
63,21,15/09/2019 12:00:31
64,21,15/09/2019 12:00:42
64,21,15/09/2019 12:00:53
64,21,15/09/2019 12:01:03
64,21,15/09/2019 12:01:14
63,21,15/09/2019 12:01:24
64,21,15/09/2019 12:01:36
64,21,15/09/2019 12:01:46
64,21,15/09/2019 12:01:57
64,21,15/09/2019 12:02:07
64,21,15/09/2019 12:02:18
64,21,15/09/2019 12:02:28
64,21,15/09/2019 12:02:40
63,21,15/09/2019 12:02:50
64,21,15/09/2019 12:03:01
63,21,15/09/2019 12:03:11
64,21,15/09/2019 12:03:22
64,21,15/09/2019 12:03:32
64,21,15/09/2019 12:03:44
63,21,15/09/2019 12:03:54
64,21,15/09/2019 12:04:04
64,21,15/09/2019 12:04:14
64,21,15/09/2019 12:04:25
64,21,15/09/2019 12:04:35
64,21,15/09/2019 12:04:47
64,21,15/09/2019 12:04:57
64,21,15/09/2019 12:05:07
64,21,15/09/2019 12:05:17
64,21,15/09/2019 12:05:27
64,21,15/09/2019 12:05:37
64,21,15/09/2019 12:05:47
64,21,15/09/2019 12:05:57
63,21,15/09/2019 12:06:09
63,21,15/09/2019 12:06:19
63,21,15/09/2019 12:06:30
63,21,15/09/2019 12:06:40
63,21,15/09/2019 12:06:50
63,21,15/09/2019 12:07:00
64,21,15/09/2019 12:07:10
64,21,15/09/2019 12:07:20
65,22,15/09/2019 12:07:32
65,22,15/09/2019 12:07:43
64,22,15/09/2019 12:07:53
64,22,15/09/2019 12:08:04
64,22,15/09/2019 12:08:15
64,22,15/09/2019 12:08:28
64,22,15/09/2019 12:08:38
64,22,15/09/2019 12:08:48
65,22,15/09/2019 12:08:58
64,22,15/09/2019 12:09:09
64,22,15/09/2019 12:09:20
65,22,15/09/2019 12:09:30
65,22,15/09/2019 12:09:41
64,22,15/09/2019 12:09:51
65,22,15/09/2019 12:10:03
64,22,15/09/2019 12:10:13
65,22,15/09/2019 12:10:23
65,22,15/09/2019 12:10:33
65,22,15/09/2019 12:10:43
65,22,15/09/2019 12:10:53
65,22,15/09/2019 12:11:03
65,22,15/09/2019 12:11:13
65,22,15/09/2019 12:11:23
65,22,15/09/2019 12:11:35
65,22,15/09/2019 12:11:45
65,22,15/09/2019 12:11:55
65,22,15/09/2019 12:12:05
65,22,15/09/2019 12:12:15
65,22,15/09/2019 12:12:25
65,22,15/09/2019 12:12:35
65,22,15/09/2019 12:12:45
65,22,15/09/2019 12:12:55
65,22,15/09/2019 12:13:07
65,22,15/09/2019 12:13:17
65,22,15/09/2019 12:13:27
65,22,15/09/2019 12:13:37
65,22,15/09/2019 12:13:47
65,22,15/09/2019 12:13:57
65,22,15/09/2019 12:14:07
65,22,15/09/2019 12:14:17
65,22,15/09/2019 12:14:28
65,22,15/09/2019 12:14:39
65,22,15/09/2019 12:14:49
65,22,15/09/2019 12:14:59
65,22,15/09/2019 12:15:09
65,22,15/09/2019 12:15:19
65,22,15/09/2019 12:15:29
65,22,15/09/2019 12:15:39
65,22,15/09/2019 12:15:49
65,22,15/09/2019 12:15:59
65,22,15/09/2019 12:16:09
65,22,15/09/2019 12:16:19
65,22,15/09/2019 12:16:31
65,22,15/09/2019 12:16:41
65,22,15/09/2019 12:16:52
65,22,15/09/2019 12:17:02
65,22,15/09/2019 12:17:12
65,22,15/09/2019 12:17:22
65,22,15/09/2019 12:17:32
65,22,15/09/2019 12:17:44
65,22,15/09/2019 12:17:55
65,22,15/09/2019 12:18:05
65,22,15/09/2019 12:18:15
65,22,15/09/2019 12:18:25
65,22,15/09/2019 12:18:35
65,22,15/09/2019 12:18:45
65,22,15/09/2019 12:18:57
65,22,15/09/2019 12:19:07
65,22,15/09/2019 12:19:17
65,22,15/09/2019 12:19:27
65,22,15/09/2019 12:19:37
65,22,15/09/2019 12:19:47
65,22,15/09/2019 12:19:57
65,22,15/09/2019 12:20:07
65,22,15/09/2019 12:20:17
65,22,15/09/2019 12:20:29
65,22,15/09/2019 12:20:39
65,22,15/09/2019 12:20:49
65,22,15/09/2019 12:20:59
65,22,15/09/2019 12:21:09
65,22,15/09/2019 12:21:20
65,22,15/09/2019 12:21:30
66,22,15/09/2019 12:21:42
66,22,15/09/2019 12:21:52
66,22,15/09/2019 12:22:03
65,22,15/09/2019 12:22:13
66,22,15/09/2019 12:22:24
66,22,15/09/2019 12:22:35
66,22,15/09/2019 12:22:45
66,22,15/09/2019 12:22:55
66,22,15/09/2019 12:23:05
66,22,15/09/2019 12:23:15
66,22,15/09/2019 12:23:25
66,22,15/09/2019 12:23:35
66,22,15/09/2019 12:23:45
66,22,15/09/2019 12:23:55
66,22,15/09/2019 12:24:07
66,22,15/09/2019 12:24:18
66,22,15/09/2019 12:24:28
66,22,15/09/2019 12:24:38
66,22,15/09/2019 12:24:48
66,22,15/09/2019 12:24:58
66,22,15/09/2019 12:25:08
66,22,15/09/2019 12:25:20
66,22,15/09/2019 12:25:30
66,22,15/09/2019 12:25:41
66,22,15/09/2019 12:25:51
66,22,15/09/2019 12:26:02
66,22,15/09/2019 12:26:12
66,22,15/09/2019 12:26:23
66,22,15/09/2019 12:26:33
66,22,15/09/2019 12:26:43
66,22,15/09/2019 12:26:54
66,22,15/09/2019 12:27:04
66,22,15/09/2019 12:27:14
66,22,15/09/2019 12:27:24
66,22,15/09/2019 12:27:34
66,22,15/09/2019 12:27:44
66,22,15/09/2019 12:27:55
66,22,15/09/2019 12:28:05
66,22,15/09/2019 12:28:15
66,22,15/09/2019 12:28:25
66,22,15/09/2019 12:28:35
66,22,15/09/2019 12:28:45
66,22,15/09/2019 12:28:55
66,22,15/09/2019 12:29:06
66,22,15/09/2019 12:29:16
66,22,15/09/2019 12:29:26
66,22,15/09/2019 12:29:37
66,22,15/09/2019 12:29:47
66,22,15/09/2019 12:29:58
66,22,15/09/2019 12:30:08
66,22,15/09/2019 12:30:19
65,22,15/09/2019 12:30:29
66,22,15/09/2019 12:30:41
65,22,15/09/2019 12:30:51
66,22,15/09/2019 12:31:01
66,22,15/09/2019 12:31:11
66,22,15/09/2019 12:31:21
66,22,15/09/2019 12:31:31
66,22,15/09/2019 12:31:41
66,22,15/09/2019 12:31:51
66,22,15/09/2019 12:32:01
66,22,15/09/2019 12:32:11
66,22,15/09/2019 12:32:23
66,22,15/09/2019 12:32:33
66,22,15/09/2019 12:32:43
66,22,15/09/2019 12:32:53
66,22,15/09/2019 12:33:03
66,22,15/09/2019 12:33:13
66,22,15/09/2019 12:33:23
66,22,15/09/2019 12:33:33
66,22,15/09/2019 12:33:43
66,22,15/09/2019 12:33:55
66,22,15/09/2019 12:34:05
66,22,15/09/2019 12:34:15
66,22,15/09/2019 12:34:25
66,22,15/09/2019 12:34:35
66,22,15/09/2019 12:34:45
67,22,15/09/2019 12:34:55
67,22,15/09/2019 12:35:05
67,22,15/09/2019 12:35:17
67,22,15/09/2019 12:35:27
67,22,15/09/2019 12:35:37
67,22,15/09/2019 12:35:48
67,22,15/09/2019 12:35:58
67,22,15/09/2019 12:36:08
67,22,15/09/2019 12:36:18
67,22,15/09/2019 12:36:28
67,22,15/09/2019 12:36:39
66,22,15/09/2019 12:36:49
67,22,15/09/2019 12:37:00
66,22,15/09/2019 12:37:10
67,22,15/09/2019 12:37:20
67,22,15/09/2019 12:37:30
67,22,15/09/2019 12:37:40
67,22,15/09/2019 12:37:52
67,22,15/09/2019 12:38:02
66,22,15/09/2019 12:38:12
66,22,15/09/2019 12:38:22
66,22,15/09/2019 12:38:32
66,22,15/09/2019 12:38:42
66,22,15/09/2019 12:38:52
66,22,15/09/2019 12:39:02
66,22,15/09/2019 12:39:12
66,22,15/09/2019 12:39:24
66,22,15/09/2019 12:39:34
66,22,15/09/2019 12:39:44
66,22,15/09/2019 12:39:54
66,22,15/09/2019 12:40:04
66,22,15/09/2019 12:40:15
66,22,15/09/2019 12:40:25
66,22,15/09/2019 12:40:35
66,22,15/09/2019 12:40:45
67,22,15/09/2019 12:40:56
67,22,15/09/2019 12:41:06
67,22,15/09/2019 12:41:17
67,22,15/09/2019 12:41:27
67,22,15/09/2019 12:41:38
67,22,15/09/2019 12:41:48
66,22,15/09/2019 12:41:58
66,22,15/09/2019 12:42:09
66,22,15/09/2019 12:42:20
66,22,15/09/2019 12:42:30
66,22,15/09/2019 12:42:41
66,22,15/09/2019 12:42:51
65,22,15/09/2019 12:43:01
66,22,15/09/2019 12:43:11
66,22,15/09/2019 12:43:21
65,22,15/09/2019 12:43:33
65,22,15/09/2019 12:43:43
65,22,15/09/2019 12:43:54
65,22,15/09/2019 12:44:04
65,22,15/09/2019 12:44:16
65,22,15/09/2019 12:44:27
65,22,15/09/2019 12:44:37
65,22,15/09/2019 12:44:47
65,22,15/09/2019 12:44:57
66,22,15/09/2019 12:45:07
66,22,15/09/2019 12:45:17
66,22,15/09/2019 12:45:27
65,22,15/09/2019 12:45:37
65,22,15/09/2019 12:45:47
65,22,15/09/2019 12:45:58
65,22,15/09/2019 12:46:08
64,22,15/09/2019 12:46:18
64,22,15/09/2019 12:46:28
64,22,15/09/2019 12:46:38
65,22,15/09/2019 12:46:48
64,22,15/09/2019 12:46:58
64,22,15/09/2019 12:47:09
64,22,15/09/2019 12:47:19
65,22,15/09/2019 12:47:31
65,22,15/09/2019 12:47:41
64,22,15/09/2019 12:47:52
64,22,15/09/2019 12:48:02
64,22,15/09/2019 12:48:13
64,22,15/09/2019 12:48:24
64,22,15/09/2019 12:48:34
64,22,15/09/2019 12:48:44
64,22,15/09/2019 12:48:54
64,22,15/09/2019 12:49:04
64,22,15/09/2019 12:49:14
64,22,15/09/2019 12:49:24
64,22,15/09/2019 12:49:35
64,22,15/09/2019 12:49:45
64,22,15/09/2019 12:49:56
64,22,15/09/2019 12:50:06
64,22,15/09/2019 12:50:16
64,22,15/09/2019 12:50:26
64,22,15/09/2019 12:50:36
64,22,15/09/2019 12:50:46
64,22,15/09/2019 12:50:56
64,22,15/09/2019 12:51:07
64,22,15/09/2019 12:51:17
64,22,15/09/2019 12:51:29
64,22,15/09/2019 12:51:39
64,22,15/09/2019 12:51:49
64,22,15/09/2019 12:51:59
64,22,15/09/2019 12:52:09
64,22,15/09/2019 12:52:19
64,22,15/09/2019 12:52:30
64,22,15/09/2019 12:52:41
64,22,15/09/2019 12:52:51
64,22,15/09/2019 12:53:01
64,22,15/09/2019 12:53:11
64,22,15/09/2019 12:53:22
64,22,15/09/2019 12:53:32
64,22,15/09/2019 12:53:43
64,22,15/09/2019 12:53:53
64,22,15/09/2019 12:54:04
64,22,15/09/2019 12:54:15
64,22,15/09/2019 12:54:25
64,22,15/09/2019 12:54:35
64,22,15/09/2019 12:54:46
64,22,15/09/2019 12:54:56
64,22,15/09/2019 12:55:08
64,22,15/09/2019 12:55:19
64,22,15/09/2019 12:55:29
64,22,15/09/2019 12:55:40
64,22,15/09/2019 12:55:52
64,22,15/09/2019 12:56:02
64,22,15/09/2019 12:56:13
64,22,15/09/2019 12:56:23
65,22,15/09/2019 12:56:33
65,22,15/09/2019 12:56:43
64,22,15/09/2019 12:56:53
64,22,15/09/2019 12:57:05
64,22,15/09/2019 12:57:15
64,22,15/09/2019 12:57:26
64,22,15/09/2019 12:57:36
64,22,15/09/2019 12:57:47
64,22,15/09/2019 12:57:58
64,22,15/09/2019 12:58:08
64,22,15/09/2019 12:58:18
64,22,15/09/2019 12:58:28
64,22,15/09/2019 12:58:38
64,22,15/09/2019 12:58:48
64,22,15/09/2019 12:58:58
64,22,15/09/2019 12:59:08
63,22,15/09/2019 12:59:18
63,22,15/09/2019 12:59:29
63,22,15/09/2019 12:59:40
64,22,15/09/2019 12:59:51
63,22,15/09/2019 13:00:01
64,22,15/09/2019 13:00:12
64,22,15/09/2019 13:00:22
64,22,15/09/2019 13:00:33
64,22,15/09/2019 13:00:44
64,22,15/09/2019 13:00:54
64,22,15/09/2019 13:01:04
64,22,15/09/2019 13:01:14
64,22,15/09/2019 13:01:25
63,22,15/09/2019 13:01:36
63,22,15/09/2019 13:01:46
63,22,15/09/2019 13:01:56
63,22,15/09/2019 13:02:08
63,22,15/09/2019 13:02:18
63,22,15/09/2019 13:02:28
63,22,15/09/2019 13:02:38
63,22,15/09/2019 13:02:49
63,22,15/09/2019 13:03:02
63,22,15/09/2019 13:03:12
63,22,15/09/2019 13:03:23
63,22,15/09/2019 13:03:34
63,22,15/09/2019 13:03:44
63,22,15/09/2019 13:03:56
63,22,15/09/2019 13:04:06
63,22,15/09/2019 13:04:16
63,22,15/09/2019 13:04:26
63,22,15/09/2019 13:04:36
63,22,15/09/2019 13:04:46
63,22,15/09/2019 13:04:56
63,22,15/09/2019 13:05:06
63,22,15/09/2019 13:05:16
63,22,15/09/2019 13:05:26
63,22,15/09/2019 13:05:36
63,22,15/09/2019 13:05:46
64,22,15/09/2019 13:05:57
64,22,15/09/2019 13:06:08
64,22,15/09/2019 13:06:18
64,22,15/09/2019 13:06:29
64,22,15/09/2019 13:06:39
64,22,15/09/2019 13:06:49
64,22,15/09/2019 13:07:01
64,22,15/09/2019 13:07:12
64,22,15/09/2019 13:07:22
64,22,15/09/2019 13:07:33
64,22,15/09/2019 13:07:43
64,22,15/09/2019 13:07:53
64,22,15/09/2019 13:08:03
64,22,15/09/2019 13:08:14
64,22,15/09/2019 13:08:24
64,22,15/09/2019 13:08:34
64,22,15/09/2019 13:08:44
64,22,15/09/2019 13:08:55
64,22,15/09/2019 13:09:05
65,22,15/09/2019 13:09:17
65,22,15/09/2019 13:09:27
65,22,15/09/2019 13:09:37
65,22,15/09/2019 13:09:47
65,22,15/09/2019 13:09:57
65,22,15/09/2019 13:10:08
65,22,15/09/2019 13:10:18
65,22,15/09/2019 13:10:30
65,22,15/09/2019 13:10:40
64,22,15/09/2019 13:10:51
65,22,15/09/2019 13:11:02
65,22,15/09/2019 13:11:12
65,22,15/09/2019 13:11:23
64,22,15/09/2019 13:11:34
65,22,15/09/2019 13:11:45
65,22,15/09/2019 13:11:55
65,22,15/09/2019 13:12:06
65,22,15/09/2019 13:12:16
64,22,15/09/2019 13:12:28
65,22,15/09/2019 13:12:38
65,22,15/09/2019 13:12:49
65,22,15/09/2019 13:12:59
65,22,15/09/2019 13:13:10
65,22,15/09/2019 13:13:22
65,22,15/09/2019 13:13:32
65,22,15/09/2019 13:13:43
64,22,15/09/2019 13:13:53
64,22,15/09/2019 13:14:03
64,22,15/09/2019 13:14:14
64,22,15/09/2019 13:14:24
64,22,15/09/2019 13:14:36
64,22,15/09/2019 13:14:47
64,22,15/09/2019 13:14:57
65,22,15/09/2019 13:15:08
65,22,15/09/2019 13:15:18
65,22,15/09/2019 13:15:30
65,22,15/09/2019 13:15:40
65,22,15/09/2019 13:15:50
65,22,15/09/2019 13:16:00
65,22,15/09/2019 13:16:10
64,22,15/09/2019 13:16:20
65,22,15/09/2019 13:16:30
65,22,15/09/2019 13:16:40
64,22,15/09/2019 13:16:51
64,22,15/09/2019 13:17:02
64,22,15/09/2019 13:17:12
65,22,15/09/2019 13:17:23
65,22,15/09/2019 13:17:34
65,22,15/09/2019 13:17:44
64,22,15/09/2019 13:17:56
64,22,15/09/2019 13:18:06
64,22,15/09/2019 13:18:16
64,22,15/09/2019 13:18:26
64,22,15/09/2019 13:18:36
65,22,15/09/2019 13:18:47
65,22,15/09/2019 13:18:57
65,22,15/09/2019 13:19:07
65,22,15/09/2019 13:19:17
65,22,15/09/2019 13:19:28
64,22,15/09/2019 13:19:38
65,22,15/09/2019 13:19:48
65,22,15/09/2019 13:19:58
65,22,15/09/2019 13:20:08
65,22,15/09/2019 13:20:18
65,22,15/09/2019 13:20:29
65,22,15/09/2019 13:20:39
65,22,15/09/2019 13:20:51
65,22,15/09/2019 13:21:01
65,22,15/09/2019 13:21:12
65,22,15/09/2019 13:21:23
65,22,15/09/2019 13:21:33
65,22,15/09/2019 13:21:43
65,22,15/09/2019 13:21:54
64,22,15/09/2019 13:22:04
64,22,15/09/2019 13:22:15
64,22,15/09/2019 13:22:25
65,22,15/09/2019 13:22:36
65,22,15/09/2019 13:22:46
64,22,15/09/2019 13:22:58
65,22,15/09/2019 13:23:09
65,22,15/09/2019 13:23:19
65,22,15/09/2019 13:23:30
64,22,15/09/2019 13:23:40
65,22,15/09/2019 13:23:51
65,22,15/09/2019 13:24:02
65,22,15/09/2019 13:24:13
65,22,15/09/2019 13:24:23
65,22,15/09/2019 13:24:33
65,22,15/09/2019 13:24:44
64,22,15/09/2019 13:24:55
64,22,15/09/2019 13:25:06
64,22,15/09/2019 13:25:17
64,22,15/09/2019 13:25:27
64,22,15/09/2019 13:25:38
64,22,15/09/2019 13:25:48
63,22,15/09/2019 13:25:58
64,22,15/09/2019 13:26:08
64,22,15/09/2019 13:26:19
64,22,15/09/2019 13:26:29
64,22,15/09/2019 13:26:39
64,22,15/09/2019 13:26:49
64,22,15/09/2019 13:26:59
64,22,15/09/2019 13:27:09
64,22,15/09/2019 13:27:19
63,22,15/09/2019 13:27:31
63,22,15/09/2019 13:27:41
63,22,15/09/2019 13:27:52
63,22,15/09/2019 13:28:02
63,22,15/09/2019 13:28:13
63,22,15/09/2019 13:28:23
63,22,15/09/2019 13:28:33
63,22,15/09/2019 13:28:43
62,22,15/09/2019 13:28:54
62,22,15/09/2019 13:29:04
63,22,15/09/2019 13:29:15
62,22,15/09/2019 13:29:25
63,22,15/09/2019 13:29:36
63,22,15/09/2019 13:29:46
62,22,15/09/2019 13:29:56
62,22,15/09/2019 13:30:06
62,22,15/09/2019 13:30:16
62,22,15/09/2019 13:30:26
62,22,15/09/2019 13:30:37
62,22,15/09/2019 13:30:48
62,22,15/09/2019 13:30:58
62,22,15/09/2019 13:31:08
62,22,15/09/2019 13:31:18
62,22,15/09/2019 13:31:28
62,22,15/09/2019 13:31:38
62,22,15/09/2019 13:31:48
62,22,15/09/2019 13:31:58
62,22,15/09/2019 13:32:09
62,22,15/09/2019 13:32:20
62,22,15/09/2019 13:32:30
62,22,15/09/2019 13:32:40
62,22,15/09/2019 13:32:50
62,22,15/09/2019 13:33:00
62,22,15/09/2019 13:33:11
62,22,15/09/2019 13:33:21
62,22,15/09/2019 13:33:32
62,22,15/09/2019 13:33:43
62,22,15/09/2019 13:33:53
63,22,15/09/2019 13:34:04
63,22,15/09/2019 13:34:14
63,22,15/09/2019 13:34:24
63,22,15/09/2019 13:34:34
64,22,15/09/2019 13:34:44
62,22,15/09/2019 13:34:55
62,22,15/09/2019 13:35:06
62,22,15/09/2019 13:35:16
62,22,15/09/2019 13:35:26
62,22,15/09/2019 13:35:36
62,22,15/09/2019 13:35:46
62,22,15/09/2019 13:35:56
62,22,15/09/2019 13:36:07
62,22,15/09/2019 13:36:19
62,22,15/09/2019 13:36:29
62,22,15/09/2019 13:36:39
62,22,15/09/2019 13:36:50
62,23,15/09/2019 13:37:00
63,23,15/09/2019 13:37:11
63,23,15/09/2019 13:37:21
63,23,15/09/2019 13:37:33
63,23,15/09/2019 13:37:43
62,23,15/09/2019 13:37:54
62,23,15/09/2019 13:38:04
62,23,15/09/2019 13:38:15
62,23,15/09/2019 13:38:25
62,23,15/09/2019 13:38:35
62,23,15/09/2019 13:38:45
62,23,15/09/2019 13:38:56
63,23,15/09/2019 13:39:07
63,23,15/09/2019 13:39:17
62,23,15/09/2019 13:39:28
62,23,15/09/2019 13:39:38
63,23,15/09/2019 13:39:48
62,23,15/09/2019 13:39:58
62,23,15/09/2019 13:40:08
62,23,15/09/2019 13:40:20
62,23,15/09/2019 13:40:30
62,23,15/09/2019 13:40:41
62,23,15/09/2019 13:40:51
62,23,15/09/2019 13:41:02
63,23,15/09/2019 13:41:13
63,23,15/09/2019 13:41:24
62,23,15/09/2019 13:41:35
62,23,15/09/2019 13:41:45
62,23,15/09/2019 13:41:56
62,23,15/09/2019 13:42:06
62,23,15/09/2019 13:42:17
62,23,15/09/2019 13:42:27
62,23,15/09/2019 13:42:39
62,23,15/09/2019 13:42:49
62,23,15/09/2019 13:43:00
62,23,15/09/2019 13:43:10
62,23,15/09/2019 13:43:21
62,23,15/09/2019 13:43:31
63,23,15/09/2019 13:43:42
63,23,15/09/2019 13:43:52
63,23,15/09/2019 13:44:02
63,23,15/09/2019 13:44:13
63,23,15/09/2019 13:44:23
63,23,15/09/2019 13:44:34
64,23,15/09/2019 13:44:44
63,23,15/09/2019 13:44:54
62,23,15/09/2019 13:45:06
62,23,15/09/2019 13:45:16
62,23,15/09/2019 13:45:26
62,23,15/09/2019 13:45:36
62,23,15/09/2019 13:45:46
62,23,15/09/2019 13:45:57
62,23,15/09/2019 13:46:07
62,23,15/09/2019 13:46:17
62,23,15/09/2019 13:46:29
62,23,15/09/2019 13:46:39
63,23,15/09/2019 13:46:49
62,23,15/09/2019 13:46:59
62,23,15/09/2019 13:47:09
63,23,15/09/2019 13:47:20
63,23,15/09/2019 13:47:30
63,23,15/09/2019 13:47:42
63,23,15/09/2019 13:47:52
63,23,15/09/2019 13:48:02
64,23,15/09/2019 13:48:13
63,23,15/09/2019 13:48:24
63,23,15/09/2019 13:48:34
63,23,15/09/2019 13:48:44
62,23,15/09/2019 13:48:54
63,23,15/09/2019 13:49:05
63,23,15/09/2019 13:49:15
62,23,15/09/2019 13:49:26
62,23,15/09/2019 13:49:36
63,23,15/09/2019 13:49:46
62,23,15/09/2019 13:49:57
62,23,15/09/2019 13:50:07
63,23,15/09/2019 13:50:19
63,23,15/09/2019 13:50:29
62,23,15/09/2019 13:50:39
62,23,15/09/2019 13:50:49
63,23,15/09/2019 13:50:59
63,23,15/09/2019 13:51:10
63,23,15/09/2019 13:51:20
63,23,15/09/2019 13:51:32
63,23,15/09/2019 13:51:42
64,23,15/09/2019 13:51:53
64,23,15/09/2019 13:52:03
64,23,15/09/2019 13:52:13
64,23,15/09/2019 13:52:23
65,23,15/09/2019 13:52:33
64,23,15/09/2019 13:52:44
64,23,15/09/2019 13:52:54
63,23,15/09/2019 13:53:05
63,23,15/09/2019 13:53:16
63,23,15/09/2019 13:53:26
63,23,15/09/2019 13:53:36
62,23,15/09/2019 13:53:47
62,23,15/09/2019 13:53:57
63,23,15/09/2019 13:54:08
63,23,15/09/2019 13:54:19
62,23,15/09/2019 13:54:29
62,23,15/09/2019 13:54:40
62,23,15/09/2019 13:54:50
62,23,15/09/2019 13:55:00
62,23,15/09/2019 13:55:11
62,23,15/09/2019 13:55:21
62,23,15/09/2019 13:55:31
62,23,15/09/2019 13:55:43
63,23,15/09/2019 13:55:54
63,23,15/09/2019 13:56:04
64,23,15/09/2019 13:56:14
65,23,15/09/2019 13:56:25
65,23,15/09/2019 13:56:35
64,23,15/09/2019 13:56:47
64,23,15/09/2019 13:56:57
63,23,15/09/2019 13:57:08
63,23,15/09/2019 13:57:19
63,23,15/09/2019 13:57:29
63,23,15/09/2019 13:57:39
64,23,15/09/2019 13:57:51
64,23,15/09/2019 13:58:01
64,23,15/09/2019 13:58:12
65,23,15/09/2019 13:58:22
65,23,15/09/2019 13:58:32
64,23,15/09/2019 13:58:42
64,23,15/09/2019 13:58:52
63,23,15/09/2019 13:59:02
64,23,15/09/2019 13:59:14
64,23,15/09/2019 13:59:24
64,23,15/09/2019 13:59:35
64,23,15/09/2019 13:59:45
64,23,15/09/2019 13:59:56
63,23,15/09/2019 14:00:06
63,23,15/09/2019 14:00:16
64,23,15/09/2019 14:00:26
64,23,15/09/2019 14:00:37
64,23,15/09/2019 14:00:48
64,23,15/09/2019 14:00:58
64,23,15/09/2019 14:01:08
64,23,15/09/2019 14:01:18
64,23,15/09/2019 14:01:28
64,23,15/09/2019 14:01:38
63,23,15/09/2019 14:01:49
63,23,15/09/2019 14:01:59
63,23,15/09/2019 14:02:11
63,23,15/09/2019 14:02:21
63,23,15/09/2019 14:02:32
62,23,15/09/2019 14:02:42
62,23,15/09/2019 14:02:53
62,23,15/09/2019 14:03:03
62,23,15/09/2019 14:03:13
62,23,15/09/2019 14:03:25
62,23,15/09/2019 14:03:35
62,23,15/09/2019 14:03:46
62,23,15/09/2019 14:03:56
62,23,15/09/2019 14:04:06
62,23,15/09/2019 14:04:16
62,23,15/09/2019 14:04:26
62,23,15/09/2019 14:04:36
62,23,15/09/2019 14:04:48
62,23,15/09/2019 14:04:58
62,23,15/09/2019 14:05:09
62,23,15/09/2019 14:05:19
62,23,15/09/2019 14:05:29
62,23,15/09/2019 14:05:40
61,23,15/09/2019 14:05:50
61,23,15/09/2019 14:06:01
62,23,15/09/2019 14:06:11
61,23,15/09/2019 14:06:21
62,23,15/09/2019 14:06:31
61,23,15/09/2019 14:06:42
61,23,15/09/2019 14:06:52
62,23,15/09/2019 14:07:02
61,23,15/09/2019 14:07:12
61,23,15/09/2019 14:07:22
61,23,15/09/2019 14:07:32
61,23,15/09/2019 14:07:43
61,23,15/09/2019 14:07:53
61,23,15/09/2019 14:08:03
61,23,15/09/2019 14:08:14
61,23,15/09/2019 14:08:24
61,23,15/09/2019 14:08:36
61,23,15/09/2019 14:08:48
61,23,15/09/2019 14:08:59
61,23,15/09/2019 14:09:09
62,23,15/09/2019 14:09:20
62,23,15/09/2019 14:09:30
62,23,15/09/2019 14:09:41
62,23,15/09/2019 14:09:52
62,23,15/09/2019 14:10:02
62,23,15/09/2019 14:10:13
63,23,15/09/2019 14:10:24
63,23,15/09/2019 14:10:34
63,23,15/09/2019 14:10:44
63,23,15/09/2019 14:10:54
63,23,15/09/2019 14:11:04
63,23,15/09/2019 14:11:15
63,23,15/09/2019 14:11:26
63,23,15/09/2019 14:11:36
62,23,15/09/2019 14:11:48
62,23,15/09/2019 14:11:58
62,23,15/09/2019 14:12:10
62,23,15/09/2019 14:12:20
63,23,15/09/2019 14:12:30
62,23,15/09/2019 14:12:40
62,23,15/09/2019 14:12:50
62,23,15/09/2019 14:13:00
62,23,15/09/2019 14:13:11
62,23,15/09/2019 14:13:21
61,23,15/09/2019 14:13:33
61,23,15/09/2019 14:13:43
61,23,15/09/2019 14:13:54
61,23,15/09/2019 14:14:04
61,23,15/09/2019 14:14:15
61,23,15/09/2019 14:14:25
61,23,15/09/2019 14:14:37
61,23,15/09/2019 14:14:47
61,23,15/09/2019 14:14:57
61,23,15/09/2019 14:15:07
61,23,15/09/2019 14:15:17
61,23,15/09/2019 14:15:27
61,23,15/09/2019 14:15:37
61,23,15/09/2019 14:15:48
61,23,15/09/2019 14:15:59
61,23,15/09/2019 14:16:10
61,23,15/09/2019 14:16:21
61,23,15/09/2019 14:16:31
62,23,15/09/2019 14:16:41
62,23,15/09/2019 14:16:52
63,23,15/09/2019 14:17:03
63,23,15/09/2019 14:17:14
62,23,15/09/2019 14:17:25
62,23,15/09/2019 14:17:35
62,23,15/09/2019 14:17:45
62,23,15/09/2019 14:17:56
62,23,15/09/2019 14:18:06
62,23,15/09/2019 14:18:17
62,23,15/09/2019 14:18:28
62,23,15/09/2019 14:18:39
62,23,15/09/2019 14:18:50
62,23,15/09/2019 14:19:00
63,23,15/09/2019 14:19:11
63,23,15/09/2019 14:19:21
62,23,15/09/2019 14:19:31
63,23,15/09/2019 14:19:43
63,23,15/09/2019 14:19:53
62,23,15/09/2019 14:20:03
63,23,15/09/2019 14:20:14
62,23,15/09/2019 14:20:24
63,23,15/09/2019 14:20:35
63,23,15/09/2019 14:20:45
62,23,15/09/2019 14:20:56
62,23,15/09/2019 14:21:06
62,23,15/09/2019 14:21:16
62,23,15/09/2019 14:21:26
62,23,15/09/2019 14:21:36
62,23,15/09/2019 14:21:46
62,23,15/09/2019 14:21:56
62,23,15/09/2019 14:22:07
62,23,15/09/2019 14:22:17
62,23,15/09/2019 14:22:29
62,23,15/09/2019 14:22:39
62,23,15/09/2019 14:22:50
62,23,15/09/2019 14:23:00
62,23,15/09/2019 14:23:11
62,23,15/09/2019 14:23:21
62,23,15/09/2019 14:23:31
62,23,15/09/2019 14:23:41
61,23,15/09/2019 14:23:52
62,23,15/09/2019 14:24:02
61,23,15/09/2019 14:24:13
61,23,15/09/2019 14:24:23
61,23,15/09/2019 14:24:33
61,23,15/09/2019 14:24:43
61,23,15/09/2019 14:24:53
62,23,15/09/2019 14:25:03
62,23,15/09/2019 14:25:13
62,23,15/09/2019 14:25:23
62,23,15/09/2019 14:25:34
61,23,15/09/2019 14:25:44
61,23,15/09/2019 14:25:54
61,23,15/09/2019 14:26:04
61,23,15/09/2019 14:26:14
61,23,15/09/2019 14:26:24
61,23,15/09/2019 14:26:34
61,23,15/09/2019 14:26:44
61,23,15/09/2019 14:26:54
61,23,15/09/2019 14:27:04
61,23,15/09/2019 14:27:16
60,23,15/09/2019 14:27:26
61,23,15/09/2019 14:27:37
61,23,15/09/2019 14:27:47
60,23,15/09/2019 14:27:57
61,23,15/09/2019 14:28:07
61,23,15/09/2019 14:28:17
61,23,15/09/2019 14:28:27
61,23,15/09/2019 14:28:37
61,23,15/09/2019 14:28:49
60,23,15/09/2019 14:28:59
60,23,15/09/2019 14:29:10
60,23,15/09/2019 14:29:20
60,23,15/09/2019 14:29:30
60,23,15/09/2019 14:29:40
60,23,15/09/2019 14:29:50
60,23,15/09/2019 14:30:00
60,23,15/09/2019 14:30:10
60,23,15/09/2019 14:30:21
60,23,15/09/2019 14:30:31
60,23,15/09/2019 14:30:41
60,23,15/09/2019 14:30:52
60,23,15/09/2019 14:31:02
60,23,15/09/2019 14:31:13
60,23,15/09/2019 14:31:23
60,23,15/09/2019 14:31:35
60,23,15/09/2019 14:31:45
60,23,15/09/2019 14:31:55
60,23,15/09/2019 14:32:05
60,23,15/09/2019 14:32:15
60,23,15/09/2019 14:32:25
60,23,15/09/2019 14:32:36
60,23,15/09/2019 14:32:47
60,23,15/09/2019 14:32:58
60,23,15/09/2019 14:33:09
60,23,15/09/2019 14:33:19
60,23,15/09/2019 14:33:29
61,23,15/09/2019 14:33:40
60,23,15/09/2019 14:33:50
60,23,15/09/2019 14:34:01
60,23,15/09/2019 14:34:12
60,23,15/09/2019 14:34:22
60,23,15/09/2019 14:34:32
60,23,15/09/2019 14:34:42
60,23,15/09/2019 14:34:52
60,23,15/09/2019 14:35:03
60,23,15/09/2019 14:35:13
60,23,15/09/2019 14:35:24
60,23,15/09/2019 14:35:35
60,23,15/09/2019 14:35:46
60,23,15/09/2019 14:35:57
60,23,15/09/2019 14:36:07
60,23,15/09/2019 14:36:17
60,23,15/09/2019 14:36:28
60,23,15/09/2019 14:36:38
60,23,15/09/2019 14:36:50
60,23,15/09/2019 14:37:00
60,23,15/09/2019 14:37:10
61,23,15/09/2019 14:37:21
60,23,15/09/2019 14:37:31
61,23,15/09/2019 14:37:41
60,23,15/09/2019 14:37:54
60,23,15/09/2019 14:38:04
60,23,15/09/2019 14:38:14
60,23,15/09/2019 14:38:25
60,23,15/09/2019 14:38:35
60,23,15/09/2019 14:38:46
60,23,15/09/2019 14:38:56
60,23,15/09/2019 14:39:08
60,23,15/09/2019 14:39:18
61,23,15/09/2019 14:39:29
61,23,15/09/2019 14:39:39
60,23,15/09/2019 14:39:50
60,23,15/09/2019 14:40:00
60,23,15/09/2019 14:40:10
61,23,15/09/2019 14:40:21
60,23,15/09/2019 14:40:31
61,23,15/09/2019 14:40:41
61,23,15/09/2019 14:40:51
61,23,15/09/2019 14:41:01
61,23,15/09/2019 14:41:11
60,23,15/09/2019 14:41:21
60,23,15/09/2019 14:41:31
61,23,15/09/2019 14:41:41
61,23,15/09/2019 14:41:51
61,23,15/09/2019 14:42:01
61,23,15/09/2019 14:42:13
61,23,15/09/2019 14:42:23
61,23,15/09/2019 14:42:34
61,23,15/09/2019 14:42:45
61,23,15/09/2019 14:42:55
60,23,15/09/2019 14:43:06
60,23,15/09/2019 14:43:17
60,23,15/09/2019 14:43:28
60,23,15/09/2019 14:43:38
60,23,15/09/2019 14:43:49
60,23,15/09/2019 14:43:59
60,23,15/09/2019 14:44:10
60,23,15/09/2019 14:44:20
60,23,15/09/2019 14:44:32
60,23,15/09/2019 14:44:42
60,23,15/09/2019 14:44:53
60,23,15/09/2019 14:45:03
60,23,15/09/2019 14:45:14
60,23,15/09/2019 14:45:24
60,23,15/09/2019 14:45:36
60,23,15/09/2019 14:45:46
61,23,15/09/2019 14:45:57
60,23,15/09/2019 14:46:07
61,23,15/09/2019 14:46:17
61,23,15/09/2019 14:46:28
61,23,15/09/2019 14:46:38
60,23,15/09/2019 14:46:50
60,23,15/09/2019 14:47:01
60,23,15/09/2019 14:47:11
60,23,15/09/2019 14:47:21
61,23,15/09/2019 14:47:32
61,23,15/09/2019 14:47:43
60,23,15/09/2019 14:47:54
61,23,15/09/2019 14:48:05
60,23,15/09/2019 14:48:15
60,23,15/09/2019 14:48:25
61,23,15/09/2019 14:48:36
61,23,15/09/2019 14:48:47
61,23,15/09/2019 14:48:57
61,23,15/09/2019 14:49:09
61,23,15/09/2019 14:49:19
60,23,15/09/2019 14:49:29
61,23,15/09/2019 14:49:40
60,23,15/09/2019 14:49:50
61,23,15/09/2019 14:50:01
61,23,15/09/2019 14:50:11
61,23,15/09/2019 14:50:23
61,23,15/09/2019 14:50:33
61,23,15/09/2019 14:50:44
61,23,15/09/2019 14:50:55
61,23,15/09/2019 14:51:05
61,23,15/09/2019 14:51:15
61,23,15/09/2019 14:51:27
61,23,15/09/2019 14:51:38
61,23,15/09/2019 14:51:48
61,23,15/09/2019 14:51:59
61,23,15/09/2019 14:52:09
61,23,15/09/2019 14:52:19
61,23,15/09/2019 14:52:29
61,23,15/09/2019 14:52:41
61,23,15/09/2019 14:52:51
62,23,15/09/2019 14:53:01
62,23,15/09/2019 14:53:11
62,23,15/09/2019 14:53:22
63,23,15/09/2019 14:53:33
63,23,15/09/2019 14:53:43
63,23,15/09/2019 14:53:54
63,23,15/09/2019 14:54:05
63,23,15/09/2019 14:54:15
63,23,15/09/2019 14:54:25
62,23,15/09/2019 14:54:35
62,23,15/09/2019 14:54:45
62,23,15/09/2019 14:54:55
63,23,15/09/2019 14:55:06
63,23,15/09/2019 14:55:16
63,23,15/09/2019 14:55:28
63,23,15/09/2019 14:55:38
63,23,15/09/2019 14:55:48
63,23,15/09/2019 14:55:59
63,23,15/09/2019 14:56:10
63,23,15/09/2019 14:56:20
63,23,15/09/2019 14:56:31
62,23,15/09/2019 14:56:41
62,23,15/09/2019 14:56:51
62,23,15/09/2019 14:57:01
62,23,15/09/2019 14:57:11
63,23,15/09/2019 14:57:21
63,23,15/09/2019 14:57:31
63,23,15/09/2019 14:57:41
63,23,15/09/2019 14:57:51
63,23,15/09/2019 14:58:01
63,23,15/09/2019 14:58:11
63,23,15/09/2019 14:58:21
64,23,15/09/2019 14:58:33
64,23,15/09/2019 14:58:43
63,23,15/09/2019 14:58:54
63,23,15/09/2019 14:59:04
63,23,15/09/2019 14:59:14
62,23,15/09/2019 14:59:25
62,23,15/09/2019 14:59:35
63,23,15/09/2019 14:59:46
63,23,15/09/2019 14:59:56
63,23,15/09/2019 15:00:06
63,23,15/09/2019 15:00:16
62,23,15/09/2019 15:00:26
63,23,15/09/2019 15:00:36
63,23,15/09/2019 15:00:46
63,23,15/09/2019 15:00:56
62,23,15/09/2019 15:01:07
62,23,15/09/2019 15:01:17
62,23,15/09/2019 15:01:28
62,23,15/09/2019 15:01:38
62,23,15/09/2019 15:01:48
62,23,15/09/2019 15:01:58
62,23,15/09/2019 15:02:09
62,23,15/09/2019 15:02:19
62,23,15/09/2019 15:02:29
62,23,15/09/2019 15:02:40
62,23,15/09/2019 15:02:51
62,23,15/09/2019 15:03:01
62,23,15/09/2019 15:03:12
62,23,15/09/2019 15:03:22
62,23,15/09/2019 15:03:33
62,23,15/09/2019 15:03:43
62,23,15/09/2019 15:03:53
62,23,15/09/2019 15:04:05
62,23,15/09/2019 15:04:15
62,23,15/09/2019 15:04:26
62,23,15/09/2019 15:04:36
62,23,15/09/2019 15:04:47
62,23,15/09/2019 15:04:57
62,23,15/09/2019 15:05:08
62,23,15/09/2019 15:05:19
62,23,15/09/2019 15:05:30
62,23,15/09/2019 15:05:40
63,23,15/09/2019 15:05:50
62,23,15/09/2019 15:06:00
62,23,15/09/2019 15:06:10
62,23,15/09/2019 15:06:20
62,23,15/09/2019 15:06:30
62,23,15/09/2019 15:06:40
62,23,15/09/2019 15:06:50
62,23,15/09/2019 15:07:01
62,23,15/09/2019 15:07:12
62,23,15/09/2019 15:07:22
62,23,15/09/2019 15:07:33
62,23,15/09/2019 15:07:43
62,23,15/09/2019 15:07:54
62,23,15/09/2019 15:08:05
62,23,15/09/2019 15:08:15
62,23,15/09/2019 15:08:26
62,23,15/09/2019 15:08:36
62,23,15/09/2019 15:08:47
62,23,15/09/2019 15:08:57
63,23,15/09/2019 15:09:08
63,23,15/09/2019 15:09:19
63,23,15/09/2019 15:09:29
62,23,15/09/2019 15:09:40
62,23,15/09/2019 15:09:51
62,23,15/09/2019 15:10:01
63,23,15/09/2019 15:10:14
63,23,15/09/2019 15:10:24
63,23,15/09/2019 15:10:35
63,23,15/09/2019 15:10:45
65,23,15/09/2019 15:10:56
65,23,15/09/2019 15:11:06
65,23,15/09/2019 15:11:16
65,23,15/09/2019 15:11:26
64,23,15/09/2019 15:11:36
64,23,15/09/2019 15:11:47
64,23,15/09/2019 15:11:57
64,23,15/09/2019 15:12:07
64,23,15/09/2019 15:12:17
64,23,15/09/2019 15:12:27
64,23,15/09/2019 15:12:38
64,23,15/09/2019 15:12:49
64,23,15/09/2019 15:12:59
63,23,15/09/2019 15:13:10
64,23,15/09/2019 15:13:20
63,23,15/09/2019 15:13:30
63,23,15/09/2019 15:13:40
62,23,15/09/2019 15:13:50
63,23,15/09/2019 15:14:01
63,23,15/09/2019 15:14:11
63,23,15/09/2019 15:14:21
63,23,15/09/2019 15:14:31
63,23,15/09/2019 15:14:42
63,23,15/09/2019 15:14:52
63,23,15/09/2019 15:15:02
63,23,15/09/2019 15:15:12
63,23,15/09/2019 15:15:22
63,23,15/09/2019 15:15:32
63,23,15/09/2019 15:15:42
63,23,15/09/2019 15:15:52
63,23,15/09/2019 15:16:02
63,23,15/09/2019 15:16:12
63,23,15/09/2019 15:16:24
63,23,15/09/2019 15:16:34
63,23,15/09/2019 15:16:45
63,23,15/09/2019 15:16:55
63,23,15/09/2019 15:17:05
62,23,15/09/2019 15:17:16
62,23,15/09/2019 15:17:26
62,23,15/09/2019 15:17:36
62,23,15/09/2019 15:17:46
63,23,15/09/2019 15:17:57
62,23,15/09/2019 15:18:08
62,23,15/09/2019 15:18:18
63,23,15/09/2019 15:18:29
63,23,15/09/2019 15:18:39
63,23,15/09/2019 15:18:50
63,23,15/09/2019 15:19:03
63,23,15/09/2019 15:19:13
63,23,15/09/2019 15:19:24
63,23,15/09/2019 15:19:34
65,23,15/09/2019 15:19:45
65,23,15/09/2019 15:19:55
66,23,15/09/2019 15:20:07
66,23,15/09/2019 15:20:17
66,23,15/09/2019 15:20:27
66,23,15/09/2019 15:20:37
65,23,15/09/2019 15:20:47
64,23,15/09/2019 15:20:58
64,23,15/09/2019 15:21:08
64,23,15/09/2019 15:21:20
64,23,15/09/2019 15:21:30
64,23,15/09/2019 15:21:40
64,23,15/09/2019 15:21:50
64,23,15/09/2019 15:22:00
65,23,15/09/2019 15:22:10
65,23,15/09/2019 15:22:21
65,23,15/09/2019 15:22:31
66,23,15/09/2019 15:22:43
65,23,15/09/2019 15:22:54
65,23,15/09/2019 15:23:04
66,23,15/09/2019 15:23:15
65,23,15/09/2019 15:23:25
65,23,15/09/2019 15:23:36
65,23,15/09/2019 15:23:48
65,23,15/09/2019 15:23:58
64,23,15/09/2019 15:24:09
64,23,15/09/2019 15:24:19
64,23,15/09/2019 15:24:30
64,23,15/09/2019 15:24:40
64,23,15/09/2019 15:24:52
64,23,15/09/2019 15:25:02
64,23,15/09/2019 15:25:13
64,23,15/09/2019 15:25:24
64,23,15/09/2019 15:25:34
64,23,15/09/2019 15:25:45
64,23,15/09/2019 15:25:55
66,23,15/09/2019 15:26:07
66,23,15/09/2019 15:26:18
66,23,15/09/2019 15:26:28
65,23,15/09/2019 15:26:38
65,23,15/09/2019 15:26:48
65,23,15/09/2019 15:26:58
65,23,15/09/2019 15:27:08
66,23,15/09/2019 15:27:20
66,23,15/09/2019 15:27:30
67,23,15/09/2019 15:27:41
66,23,15/09/2019 15:27:52
66,23,15/09/2019 15:28:02
66,23,15/09/2019 15:28:13
66,23,15/09/2019 15:28:23
65,23,15/09/2019 15:28:35
65,23,15/09/2019 15:28:45
65,23,15/09/2019 15:28:55
66,23,15/09/2019 15:29:06
66,23,15/09/2019 15:29:16
66,23,15/09/2019 15:29:27
65,23,15/09/2019 15:29:39
65,23,15/09/2019 15:29:49
65,23,15/09/2019 15:30:00
65,23,15/09/2019 15:30:10
65,23,15/09/2019 15:30:21
65,23,15/09/2019 15:30:32
65,23,15/09/2019 15:30:43
65,23,15/09/2019 15:30:53
64,23,15/09/2019 15:31:03
64,23,15/09/2019 15:31:13
65,23,15/09/2019 15:31:23
65,23,15/09/2019 15:31:33
65,23,15/09/2019 15:31:43
65,23,15/09/2019 15:31:53
65,23,15/09/2019 15:32:03
65,23,15/09/2019 15:32:13
65,23,15/09/2019 15:32:23
64,23,15/09/2019 15:32:34
64,23,15/09/2019 15:32:44
64,23,15/09/2019 15:32:54
64,23,15/09/2019 15:33:05
64,23,15/09/2019 15:33:15
64,23,15/09/2019 15:33:25
64,23,15/09/2019 15:33:36
64,23,15/09/2019 15:33:46
64,23,15/09/2019 15:33:56
64,23,15/09/2019 15:34:07
64,23,15/09/2019 15:34:17
64,23,15/09/2019 15:34:27
64,23,15/09/2019 15:34:38
64,23,15/09/2019 15:34:50
64,23,15/09/2019 15:35:00
64,23,15/09/2019 15:35:10
64,23,15/09/2019 15:35:21
64,23,15/09/2019 15:35:32
64,23,15/09/2019 15:35:42
64,23,15/09/2019 15:35:52
64,23,15/09/2019 15:36:02
64,23,15/09/2019 15:36:12
64,23,15/09/2019 15:36:22
65,23,15/09/2019 15:36:32
65,23,15/09/2019 15:36:42
65,23,15/09/2019 15:36:52
66,23,15/09/2019 15:37:04
66,23,15/09/2019 15:37:14
66,23,15/09/2019 15:37:24
66,23,15/09/2019 15:37:34
67,23,15/09/2019 15:37:44
68,23,15/09/2019 15:37:55
68,24,15/09/2019 15:38:05
69,24,15/09/2019 15:38:17
69,24,15/09/2019 15:38:27
67,24,15/09/2019 15:38:38
67,24,15/09/2019 15:38:49
67,24,15/09/2019 15:38:59
66,24,15/09/2019 15:39:10
66,24,15/09/2019 15:39:21
66,24,15/09/2019 15:39:32
65,24,15/09/2019 15:39:44
65,24,15/09/2019 15:39:54
64,23,15/09/2019 15:40:05
64,24,15/09/2019 15:40:15
64,24,15/09/2019 15:40:26
64,23,15/09/2019 15:40:36
64,23,15/09/2019 15:40:46
65,23,15/09/2019 15:40:56
64,23,15/09/2019 15:41:06
64,23,15/09/2019 15:41:16
64,23,15/09/2019 15:41:26
64,23,15/09/2019 15:41:37
64,23,15/09/2019 15:41:47
63,23,15/09/2019 15:41:59
63,23,15/09/2019 15:42:09
63,23,15/09/2019 15:42:19
63,23,15/09/2019 15:42:29
63,23,15/09/2019 15:42:39
63,23,15/09/2019 15:42:50
63,23,15/09/2019 15:43:00
64,23,15/09/2019 15:43:10
63,23,15/09/2019 15:43:22
63,23,15/09/2019 15:43:33
63,23,15/09/2019 15:43:43
64,23,15/09/2019 15:43:53
63,23,15/09/2019 15:44:04
63,23,15/09/2019 15:44:14
63,23,15/09/2019 15:44:24
63,23,15/09/2019 15:44:34
63,23,15/09/2019 15:44:45
63,23,15/09/2019 15:44:55
63,23,15/09/2019 15:45:06
63,23,15/09/2019 15:45:16
63,23,15/09/2019 15:45:27
63,23,15/09/2019 15:45:37
63,23,15/09/2019 15:45:47
63,23,15/09/2019 15:45:57
63,23,15/09/2019 15:46:08
63,23,15/09/2019 15:46:18
63,23,15/09/2019 15:46:28
63,23,15/09/2019 15:46:38
64,23,15/09/2019 15:46:49
64,23,15/09/2019 15:46:59
63,23,15/09/2019 15:47:09
63,23,15/09/2019 15:47:19
63,23,15/09/2019 15:47:29
63,23,15/09/2019 15:47:39
63,23,15/09/2019 15:47:50
63,23,15/09/2019 15:48:01
63,23,15/09/2019 15:48:11
63,23,15/09/2019 15:48:22
63,23,15/09/2019 15:48:32
63,23,15/09/2019 15:48:43
63,23,15/09/2019 15:48:53
63,23,15/09/2019 15:49:04
63,23,15/09/2019 15:49:14
63,23,15/09/2019 15:49:24
63,23,15/09/2019 15:49:34
63,23,15/09/2019 15:49:44
63,23,15/09/2019 15:49:54
63,23,15/09/2019 15:50:04
63,23,15/09/2019 15:50:14
63,23,15/09/2019 15:50:24
63,23,15/09/2019 15:50:35
63,23,15/09/2019 15:50:46
63,23,15/09/2019 15:50:57
63,23,15/09/2019 15:51:07
63,23,15/09/2019 15:51:17
63,23,15/09/2019 15:51:28
63,23,15/09/2019 15:51:38
63,23,15/09/2019 15:51:48
63,23,15/09/2019 15:51:58
63,23,15/09/2019 15:52:08
63,23,15/09/2019 15:52:19
63,23,15/09/2019 15:52:29
63,23,15/09/2019 15:52:39
63,23,15/09/2019 15:52:49
63,23,15/09/2019 15:52:59
63,23,15/09/2019 15:53:09
63,23,15/09/2019 15:53:19
63,23,15/09/2019 15:53:29
63,23,15/09/2019 15:53:39
63,23,15/09/2019 15:53:49
63,23,15/09/2019 15:53:59
63,23,15/09/2019 15:54:10
63,23,15/09/2019 15:54:20
63,23,15/09/2019 15:54:30
63,23,15/09/2019 15:54:40
63,23,15/09/2019 15:54:50
63,23,15/09/2019 15:55:00
63,23,15/09/2019 15:55:10
63,23,15/09/2019 15:55:20
63,23,15/09/2019 15:55:30
63,23,15/09/2019 15:55:40
63,23,15/09/2019 15:55:50
63,23,15/09/2019 15:56:00
63,23,15/09/2019 15:56:11
63,23,15/09/2019 15:56:22
63,23,15/09/2019 15:56:32
63,23,15/09/2019 15:56:42
63,23,15/09/2019 15:56:52
63,23,15/09/2019 15:57:02
62,23,15/09/2019 15:57:12
62,23,15/09/2019 15:57:22
62,23,15/09/2019 15:57:32
62,23,15/09/2019 15:57:42
62,23,15/09/2019 15:57:53
63,23,15/09/2019 15:58:04
62,23,15/09/2019 15:58:14
62,23,15/09/2019 15:58:24
63,23,15/09/2019 15:58:34
63,23,15/09/2019 15:58:44
63,23,15/09/2019 15:58:54
63,23,15/09/2019 15:59:04
63,23,15/09/2019 15:59:14
63,23,15/09/2019 15:59:25
63,23,15/09/2019 15:59:35
63,23,15/09/2019 15:59:46
63,23,15/09/2019 15:59:56
63,23,15/09/2019 16:00:07
63,23,15/09/2019 16:00:17
63,23,15/09/2019 16:00:28
63,23,15/09/2019 16:00:39
63,23,15/09/2019 16:00:50
63,23,15/09/2019 16:01:00
62,23,15/09/2019 16:01:11
62,23,15/09/2019 16:01:21
62,23,15/09/2019 16:01:31
63,23,15/09/2019 16:01:42
62,23,15/09/2019 16:01:53
62,23,15/09/2019 16:02:03
63,23,15/09/2019 16:02:13
63,23,15/09/2019 16:02:23
63,23,15/09/2019 16:02:33
62,23,15/09/2019 16:02:44
62,23,15/09/2019 16:02:54
62,23,15/09/2019 16:03:04
63,23,15/09/2019 16:03:14
62,23,15/09/2019 16:03:26
62,23,15/09/2019 16:03:37
62,23,15/09/2019 16:03:47
62,23,15/09/2019 16:03:57
62,23,15/09/2019 16:04:08
62,23,15/09/2019 16:04:18
62,23,15/09/2019 16:04:28
62,23,15/09/2019 16:04:38
62,23,15/09/2019 16:04:49
62,23,15/09/2019 16:04:59
62,23,15/09/2019 16:05:09
62,23,15/09/2019 16:05:19
62,23,15/09/2019 16:05:29
62,23,15/09/2019 16:05:39
62,23,15/09/2019 16:05:49
62,23,15/09/2019 16:05:59
62,23,15/09/2019 16:06:09
62,23,15/09/2019 16:06:19
62,23,15/09/2019 16:06:29
62,23,15/09/2019 16:06:40
62,23,15/09/2019 16:06:50
62,23,15/09/2019 16:07:01
62,23,15/09/2019 16:07:11
62,23,15/09/2019 16:07:21
62,23,15/09/2019 16:07:31
62,23,15/09/2019 16:07:41
62,23,15/09/2019 16:07:51
62,23,15/09/2019 16:08:02
62,23,15/09/2019 16:08:13
62,23,15/09/2019 16:08:24
62,23,15/09/2019 16:08:34
62,23,15/09/2019 16:08:44
62,23,15/09/2019 16:08:54
62,23,15/09/2019 16:09:04
62,23,15/09/2019 16:09:14
62,23,15/09/2019 16:09:24
62,23,15/09/2019 16:09:34
62,23,15/09/2019 16:09:44
62,23,15/09/2019 16:09:55
62,23,15/09/2019 16:10:05
62,23,15/09/2019 16:10:15
62,23,15/09/2019 16:10:25
62,23,15/09/2019 16:10:35
62,23,15/09/2019 16:10:45
62,23,15/09/2019 16:10:56
62,23,15/09/2019 16:11:06
62,23,15/09/2019 16:11:16
62,23,15/09/2019 16:11:28
62,23,15/09/2019 16:11:38
62,23,15/09/2019 16:11:49
62,23,15/09/2019 16:11:59
62,23,15/09/2019 16:12:10
62,23,15/09/2019 16:12:20
62,23,15/09/2019 16:12:30
62,23,15/09/2019 16:12:41
62,23,15/09/2019 16:12:51
62,23,15/09/2019 16:13:01
62,23,15/09/2019 16:13:12
62,23,15/09/2019 16:13:22
62,23,15/09/2019 16:13:33
62,23,15/09/2019 16:13:43
62,23,15/09/2019 16:13:53
62,23,15/09/2019 16:14:05
62,23,15/09/2019 16:14:15
62,23,15/09/2019 16:14:26
62,23,15/09/2019 16:14:36
62,23,15/09/2019 16:14:46
62,23,15/09/2019 16:14:56
62,23,15/09/2019 16:15:06
62,23,15/09/2019 16:15:16
62,23,15/09/2019 16:15:26
62,23,15/09/2019 16:15:37
62,23,15/09/2019 16:15:48
62,23,15/09/2019 16:15:58
62,23,15/09/2019 16:16:09
62,23,15/09/2019 16:16:19
62,23,15/09/2019 16:16:30
62,23,15/09/2019 16:16:40
62,23,15/09/2019 16:16:51
62,23,15/09/2019 16:17:01
62,23,15/09/2019 16:17:11
62,23,15/09/2019 16:17:21
62,23,15/09/2019 16:17:31
62,23,15/09/2019 16:17:42
62,23,15/09/2019 16:17:52
62,23,15/09/2019 16:18:02
62,23,15/09/2019 16:18:12
62,23,15/09/2019 16:18:23
62,23,15/09/2019 16:18:34
62,23,15/09/2019 16:18:44
62,23,15/09/2019 16:18:54
62,23,15/09/2019 16:19:04
62,23,15/09/2019 16:19:14
62,23,15/09/2019 16:19:24
63,23,15/09/2019 16:19:34
62,23,15/09/2019 16:19:44
62,23,15/09/2019 16:19:54
62,23,15/09/2019 16:20:05
62,23,15/09/2019 16:20:15
63,23,15/09/2019 16:20:25
63,23,15/09/2019 16:20:36
63,23,15/09/2019 16:20:46
63,23,15/09/2019 16:20:56
62,23,15/09/2019 16:21:06
63,23,15/09/2019 16:21:16
62,23,15/09/2019 16:21:27
62,23,15/09/2019 16:21:38
62,23,15/09/2019 16:21:48
63,23,15/09/2019 16:21:58
63,23,15/09/2019 16:22:08
63,23,15/09/2019 16:22:18
63,23,15/09/2019 16:22:29
63,23,15/09/2019 16:22:39
63,23,15/09/2019 16:22:49
63,23,15/09/2019 16:22:59
63,23,15/09/2019 16:23:09
63,23,15/09/2019 16:23:21
63,23,15/09/2019 16:23:31
63,23,15/09/2019 16:23:41
63,23,15/09/2019 16:23:52
63,23,15/09/2019 16:24:02
63,23,15/09/2019 16:24:13
63,23,15/09/2019 16:24:24
63,23,15/09/2019 16:24:35
63,23,15/09/2019 16:24:45
63,23,15/09/2019 16:24:55
63,23,15/09/2019 16:25:05
63,23,15/09/2019 16:25:15
63,23,15/09/2019 16:25:25
63,23,15/09/2019 16:25:35
63,23,15/09/2019 16:25:45
63,23,15/09/2019 16:25:57
63,23,15/09/2019 16:26:07
63,23,15/09/2019 16:26:17
63,23,15/09/2019 16:26:27
63,23,15/09/2019 16:26:37
63,23,15/09/2019 16:26:47
63,23,15/09/2019 16:26:57
63,23,15/09/2019 16:27:07
63,23,15/09/2019 16:27:17
63,23,15/09/2019 16:27:27
63,23,15/09/2019 16:27:37
63,23,15/09/2019 16:27:48
63,23,15/09/2019 16:27:59
63,23,15/09/2019 16:28:09
63,23,15/09/2019 16:28:19
63,23,15/09/2019 16:28:29
63,23,15/09/2019 16:28:39
63,23,15/09/2019 16:28:49
63,23,15/09/2019 16:28:59
63,23,15/09/2019 16:29:09
63,23,15/09/2019 16:29:19
63,23,15/09/2019 16:29:30
63,23,15/09/2019 16:29:40
63,23,15/09/2019 16:29:50
63,23,15/09/2019 16:30:00
63,23,15/09/2019 16:30:10
63,23,15/09/2019 16:30:20
63,23,15/09/2019 16:30:30
63,23,15/09/2019 16:30:40
63,23,15/09/2019 16:30:50
63,23,15/09/2019 16:31:00
63,23,15/09/2019 16:31:10
63,23,15/09/2019 16:31:20
63,23,15/09/2019 16:31:31
63,23,15/09/2019 16:31:41
63,23,15/09/2019 16:31:52
63,23,15/09/2019 16:32:02
63,23,15/09/2019 16:32:13
63,23,15/09/2019 16:32:23
63,23,15/09/2019 16:32:33
63,23,15/09/2019 16:32:45
63,23,15/09/2019 16:32:56
63,23,15/09/2019 16:33:06
63,23,15/09/2019 16:33:17
63,23,15/09/2019 16:33:27
63,23,15/09/2019 16:33:37
63,23,15/09/2019 16:33:49
63,23,15/09/2019 16:33:59
63,23,15/09/2019 16:34:10
63,23,15/09/2019 16:34:20
63,23,15/09/2019 16:34:30
63,23,15/09/2019 16:34:41
63,23,15/09/2019 16:34:51
64,23,15/09/2019 16:35:03
63,23,15/09/2019 16:35:13
63,23,15/09/2019 16:35:24
63,23,15/09/2019 16:35:34
63,23,15/09/2019 16:35:44
63,23,15/09/2019 16:35:55
63,23,15/09/2019 16:36:05
63,23,15/09/2019 16:36:17
63,23,15/09/2019 16:36:27
63,23,15/09/2019 16:36:38
63,23,15/09/2019 16:36:48
63,23,15/09/2019 16:36:58
63,23,15/09/2019 16:37:08
63,23,15/09/2019 16:37:18
63,23,15/09/2019 16:37:28
63,23,15/09/2019 16:37:40
63,23,15/09/2019 16:37:50
63,23,15/09/2019 16:38:01
63,23,15/09/2019 16:38:11
63,23,15/09/2019 16:38:21
63,23,15/09/2019 16:38:31
63,23,15/09/2019 16:38:41
63,23,15/09/2019 16:38:51
63,23,15/09/2019 16:39:01
63,23,15/09/2019 16:39:11
63,23,15/09/2019 16:39:22
63,23,15/09/2019 16:39:32
63,23,15/09/2019 16:39:42
63,23,15/09/2019 16:39:52
63,23,15/09/2019 16:40:02
63,23,15/09/2019 16:40:12
63,23,15/09/2019 16:40:22
63,23,15/09/2019 16:40:33
63,23,15/09/2019 16:40:43
63,23,15/09/2019 16:40:55
63,23,15/09/2019 16:41:05
63,23,15/09/2019 16:41:15
63,23,15/09/2019 16:41:26
63,23,15/09/2019 16:41:36
63,23,15/09/2019 16:41:46
63,23,15/09/2019 16:41:56
63,23,15/09/2019 16:42:06
63,23,15/09/2019 16:42:16
63,23,15/09/2019 16:42:28
63,23,15/09/2019 16:42:38
63,23,15/09/2019 16:42:49
63,23,15/09/2019 16:42:59
63,23,15/09/2019 16:43:10
63,23,15/09/2019 16:43:20
63,23,15/09/2019 16:43:30
63,23,15/09/2019 16:43:41
63,23,15/09/2019 16:43:51
63,23,15/09/2019 16:44:01
63,23,15/09/2019 16:44:11
63,23,15/09/2019 16:44:21
63,23,15/09/2019 16:44:31
63,23,15/09/2019 16:44:41
63,23,15/09/2019 16:44:52
62,23,15/09/2019 16:45:02
63,23,15/09/2019 16:45:12
63,23,15/09/2019 16:45:24
62,23,15/09/2019 16:45:34
63,23,15/09/2019 16:45:44
63,23,15/09/2019 16:45:54
63,23,15/09/2019 16:46:04
63,23,15/09/2019 16:46:14
63,23,15/09/2019 16:46:24
63,23,15/09/2019 16:46:34
63,23,15/09/2019 16:46:44
63,23,15/09/2019 16:46:54
63,23,15/09/2019 16:47:05
63,23,15/09/2019 16:47:16
62,23,15/09/2019 16:47:26
63,23,15/09/2019 16:47:37
62,23,15/09/2019 16:47:47
62,23,15/09/2019 16:47:57
62,23,15/09/2019 16:48:07
62,23,15/09/2019 16:48:17
63,23,15/09/2019 16:48:27
63,23,15/09/2019 16:48:39
62,23,15/09/2019 16:48:49
63,23,15/09/2019 16:49:00
62,23,15/09/2019 16:49:10
63,23,15/09/2019 16:49:20
63,23,15/09/2019 16:49:31
63,23,15/09/2019 16:49:43
63,23,15/09/2019 16:49:53
63,23,15/09/2019 16:50:03
63,23,15/09/2019 16:50:13
63,23,15/09/2019 16:50:23
62,23,15/09/2019 16:50:33
62,23,15/09/2019 16:50:43
63,23,15/09/2019 16:50:54
63,23,15/09/2019 16:51:04
63,23,15/09/2019 16:51:15
63,23,15/09/2019 16:51:25
63,23,15/09/2019 16:51:35
63,23,15/09/2019 16:51:45
63,23,15/09/2019 16:51:56
62,23,15/09/2019 16:52:06
63,23,15/09/2019 16:52:16
63,23,15/09/2019 16:52:26
63,23,15/09/2019 16:52:36
63,23,15/09/2019 16:52:48
63,23,15/09/2019 16:52:58
63,23,15/09/2019 16:53:08
63,23,15/09/2019 16:53:19
63,23,15/09/2019 16:53:29
63,23,15/09/2019 16:53:40
63,23,15/09/2019 16:53:50
63,23,15/09/2019 16:54:00
63,23,15/09/2019 16:54:12
63,23,15/09/2019 16:54:22
63,23,15/09/2019 16:54:32
63,23,15/09/2019 16:54:42
63,23,15/09/2019 16:54:52
63,23,15/09/2019 16:55:02
63,23,15/09/2019 16:55:12
63,23,15/09/2019 16:55:22
64,23,15/09/2019 16:55:32
64,23,15/09/2019 16:55:42
63,23,15/09/2019 16:55:54
63,23,15/09/2019 16:56:04
64,23,15/09/2019 16:56:15
63,23,15/09/2019 16:56:25
64,23,15/09/2019 16:56:35
63,23,15/09/2019 16:56:45
63,23,15/09/2019 16:56:55
64,23,15/09/2019 16:57:07
64,23,15/09/2019 16:57:17
64,23,15/09/2019 16:57:27
64,23,15/09/2019 16:57:37
64,23,15/09/2019 16:57:47
64,23,15/09/2019 16:57:57
64,23,15/09/2019 16:58:07
64,23,15/09/2019 16:58:17
64,23,15/09/2019 16:58:27
64,23,15/09/2019 16:58:37
63,23,15/09/2019 16:58:49
63,23,15/09/2019 16:58:59
63,23,15/09/2019 16:59:09
63,23,15/09/2019 16:59:19
63,23,15/09/2019 16:59:29
63,23,15/09/2019 16:59:39
63,23,15/09/2019 16:59:50
63,23,15/09/2019 17:00:00
63,23,15/09/2019 17:00:10
63,23,15/09/2019 17:00:22
63,23,15/09/2019 17:00:32
63,23,15/09/2019 17:00:43
63,23,15/09/2019 17:00:53
63,23,15/09/2019 17:01:04
63,23,15/09/2019 17:01:14
63,23,15/09/2019 17:01:26
63,23,15/09/2019 17:01:36
63,23,15/09/2019 17:01:47
63,23,15/09/2019 17:01:57
63,23,15/09/2019 17:02:08
63,23,15/09/2019 17:02:18
63,23,15/09/2019 17:02:28
64,23,15/09/2019 17:02:38
64,23,15/09/2019 17:02:49
63,23,15/09/2019 17:03:00
63,23,15/09/2019 17:03:10
63,23,15/09/2019 17:03:21
63,23,15/09/2019 17:03:31
63,23,15/09/2019 17:03:42
63,23,15/09/2019 17:03:52
63,23,15/09/2019 17:04:04
63,23,15/09/2019 17:04:14
63,23,15/09/2019 17:04:24
63,23,15/09/2019 17:04:34
63,23,15/09/2019 17:04:44
63,23,15/09/2019 17:04:54
63,23,15/09/2019 17:05:04
63,23,15/09/2019 17:05:14
63,23,15/09/2019 17:05:25
63,23,15/09/2019 17:05:36
63,23,15/09/2019 17:05:46
63,23,15/09/2019 17:05:56
63,23,15/09/2019 17:06:06
63,23,15/09/2019 17:06:16
63,23,15/09/2019 17:06:27
63,23,15/09/2019 17:06:37
63,23,15/09/2019 17:06:48
63,23,15/09/2019 17:06:59
64,23,15/09/2019 17:07:09
63,23,15/09/2019 17:07:20
63,23,15/09/2019 17:07:30
63,23,15/09/2019 17:07:40
64,23,15/09/2019 17:07:50
63,23,15/09/2019 17:08:00
64,23,15/09/2019 17:08:10
64,23,15/09/2019 17:08:22
63,23,15/09/2019 17:08:32
63,23,15/09/2019 17:08:42
63,23,15/09/2019 17:08:52
63,23,15/09/2019 17:09:02
63,23,15/09/2019 17:09:13
63,23,15/09/2019 17:09:24
63,23,15/09/2019 17:09:34
63,23,15/09/2019 17:09:44
63,23,15/09/2019 17:09:55
63,23,15/09/2019 17:10:05
63,23,15/09/2019 17:10:15
64,23,15/09/2019 17:10:26
64,23,15/09/2019 17:10:36
64,23,15/09/2019 17:10:47
63,23,15/09/2019 17:10:57
64,23,15/09/2019 17:11:07
64,23,15/09/2019 17:11:19
64,23,15/09/2019 17:11:29
64,23,15/09/2019 17:11:39
64,23,15/09/2019 17:11:49
64,23,15/09/2019 17:11:59
64,23,15/09/2019 17:12:10
64,23,15/09/2019 17:12:20
64,23,15/09/2019 17:12:32
63,23,15/09/2019 17:12:42
64,23,15/09/2019 17:12:53
64,23,15/09/2019 17:13:03
64,23,15/09/2019 17:13:13
64,23,15/09/2019 17:13:23
64,23,15/09/2019 17:13:33
64,23,15/09/2019 17:13:43
63,23,15/09/2019 17:13:55
63,23,15/09/2019 17:14:05
63,23,15/09/2019 17:14:16
63,23,15/09/2019 17:14:26
63,23,15/09/2019 17:14:36
64,23,15/09/2019 17:14:46
64,23,15/09/2019 17:14:56
64,23,15/09/2019 17:15:06
64,23,15/09/2019 17:15:16
64,23,15/09/2019 17:15:26
64,23,15/09/2019 17:15:37
64,23,15/09/2019 17:15:48
64,23,15/09/2019 17:15:58
63,23,15/09/2019 17:16:08
63,23,15/09/2019 17:16:18
63,23,15/09/2019 17:16:28
64,23,15/09/2019 17:16:38
64,23,15/09/2019 17:16:48
63,23,15/09/2019 17:16:58
63,23,15/09/2019 17:17:08
63,23,15/09/2019 17:17:19
63,23,15/09/2019 17:17:31
63,23,15/09/2019 17:17:41
63,23,15/09/2019 17:17:52
63,23,15/09/2019 17:18:02
63,23,15/09/2019 17:18:12
63,23,15/09/2019 17:18:22
63,23,15/09/2019 17:18:33
64,23,15/09/2019 17:18:43
64,23,15/09/2019 17:18:53
64,23,15/09/2019 17:19:03
64,23,15/09/2019 17:19:14
63,23,15/09/2019 17:19:24
63,23,15/09/2019 17:19:34
63,23,15/09/2019 17:19:44
63,23,15/09/2019 17:19:54
64,23,15/09/2019 17:20:05
63,23,15/09/2019 17:20:16
63,23,15/09/2019 17:20:26
64,23,15/09/2019 17:20:36
64,23,15/09/2019 17:20:46
63,23,15/09/2019 17:20:56
63,23,15/09/2019 17:21:06
63,23,15/09/2019 17:21:17
63,23,15/09/2019 17:21:28
63,23,15/09/2019 17:21:39
63,23,15/09/2019 17:21:49
63,23,15/09/2019 17:21:59
63,23,15/09/2019 17:22:09
63,23,15/09/2019 17:22:20
63,23,15/09/2019 17:22:30
63,23,15/09/2019 17:22:42
63,23,15/09/2019 17:22:52
63,23,15/09/2019 17:23:02
63,23,15/09/2019 17:23:13
63,23,15/09/2019 17:23:23
63,23,15/09/2019 17:23:34
63,23,15/09/2019 17:23:44
63,23,15/09/2019 17:23:54
63,23,15/09/2019 17:24:05
63,23,15/09/2019 17:24:15
63,23,15/09/2019 17:24:26
63,23,15/09/2019 17:24:36
63,23,15/09/2019 17:24:47
63,23,15/09/2019 17:24:57
63,23,15/09/2019 17:25:07
63,23,15/09/2019 17:25:17
63,23,15/09/2019 17:25:29
63,23,15/09/2019 17:25:40
63,23,15/09/2019 17:25:50
63,23,15/09/2019 17:26:00
63,23,15/09/2019 17:26:11
63,23,15/09/2019 17:26:21
63,23,15/09/2019 17:26:33
63,23,15/09/2019 17:26:43
63,23,15/09/2019 17:26:53
63,23,15/09/2019 17:27:04
63,23,15/09/2019 17:27:14
63,23,15/09/2019 17:27:25
63,23,15/09/2019 17:27:35
63,23,15/09/2019 17:27:45
63,23,15/09/2019 17:27:56
63,23,15/09/2019 17:28:07
63,23,15/09/2019 17:28:17
63,23,15/09/2019 17:28:28
63,23,15/09/2019 17:28:38
63,23,15/09/2019 17:28:49
63,23,15/09/2019 17:28:59
63,23,15/09/2019 17:29:11
63,23,15/09/2019 17:29:21
63,23,15/09/2019 17:29:31
63,23,15/09/2019 17:29:42
63,23,15/09/2019 17:29:52
63,23,15/09/2019 17:30:02
63,23,15/09/2019 17:30:12
63,23,15/09/2019 17:30:22
63,23,15/09/2019 17:30:33
63,23,15/09/2019 17:30:43
63,23,15/09/2019 17:30:53
63,23,15/09/2019 17:31:03
63,23,15/09/2019 17:31:13
63,23,15/09/2019 17:31:23
63,23,15/09/2019 17:31:33
63,23,15/09/2019 17:31:43
63,23,15/09/2019 17:31:53
63,23,15/09/2019 17:32:04
63,23,15/09/2019 17:32:15
63,23,15/09/2019 17:32:26
63,23,15/09/2019 17:32:36
63,23,15/09/2019 17:32:46
63,23,15/09/2019 17:32:57
63,23,15/09/2019 17:33:07
63,23,15/09/2019 17:33:18
63,23,15/09/2019 17:33:29
63,23,15/09/2019 17:33:39
63,23,15/09/2019 17:33:50
63,23,15/09/2019 17:34:01
63,23,15/09/2019 17:34:11
63,23,15/09/2019 17:34:21
63,23,15/09/2019 17:34:31
63,23,15/09/2019 17:34:41
63,23,15/09/2019 17:34:52
63,23,15/09/2019 17:35:02
63,23,15/09/2019 17:35:12
63,23,15/09/2019 17:35:22
63,23,15/09/2019 17:35:32
63,23,15/09/2019 17:35:42
63,23,15/09/2019 17:35:52
63,23,15/09/2019 17:36:02
63,23,15/09/2019 17:36:13
63,23,15/09/2019 17:36:23
63,23,15/09/2019 17:36:34
63,23,15/09/2019 17:36:45
63,23,15/09/2019 17:36:57
63,23,15/09/2019 17:37:08
63,23,15/09/2019 17:37:18
63,23,15/09/2019 17:37:30
63,23,15/09/2019 17:37:40
63,23,15/09/2019 17:37:50
63,23,15/09/2019 17:38:00
63,23,15/09/2019 17:38:10
63,23,15/09/2019 17:38:20
63,23,15/09/2019 17:38:31
63,23,15/09/2019 17:38:43
63,23,15/09/2019 17:38:53
63,23,15/09/2019 17:39:03
63,23,15/09/2019 17:39:13
63,23,15/09/2019 17:39:23
63,23,15/09/2019 17:39:34
63,23,15/09/2019 17:39:44
63,23,15/09/2019 17:39:54
63,23,15/09/2019 17:40:05
63,23,15/09/2019 17:40:17
63,23,15/09/2019 17:40:27
63,23,15/09/2019 17:40:37
63,23,15/09/2019 17:40:48
63,23,15/09/2019 17:40:59
63,23,15/09/2019 17:41:09
63,23,15/09/2019 17:41:20
63,23,15/09/2019 17:41:31
63,23,15/09/2019 17:41:41
63,23,15/09/2019 17:41:51
63,23,15/09/2019 17:42:01
63,23,15/09/2019 17:42:11
63,23,15/09/2019 17:42:21
63,23,15/09/2019 17:42:31
64,23,15/09/2019 17:42:41
63,23,15/09/2019 17:42:53
63,23,15/09/2019 17:43:03
63,23,15/09/2019 17:43:14
63,23,15/09/2019 17:43:24
63,23,15/09/2019 17:43:35
63,23,15/09/2019 17:43:45
64,23,15/09/2019 17:43:56
63,23,15/09/2019 17:44:07
63,23,15/09/2019 17:44:18
63,23,15/09/2019 17:44:28
63,23,15/09/2019 17:44:39
63,23,15/09/2019 17:44:49
64,23,15/09/2019 17:44:59
64,23,15/09/2019 17:45:09
64,23,15/09/2019 17:45:19
64,23,15/09/2019 17:45:30
64,23,15/09/2019 17:45:40
64,23,15/09/2019 17:45:51
64,23,15/09/2019 17:46:01
64,23,15/09/2019 17:46:11
64,23,15/09/2019 17:46:21
64,23,15/09/2019 17:46:31
64,23,15/09/2019 17:46:41
64,23,15/09/2019 17:46:51
64,23,15/09/2019 17:47:01
64,23,15/09/2019 17:47:12
64,23,15/09/2019 17:47:22
64,23,15/09/2019 17:47:32
64,23,15/09/2019 17:47:42
64,23,15/09/2019 17:47:53
64,23,15/09/2019 17:48:03
64,23,15/09/2019 17:48:14
64,23,15/09/2019 17:48:24
64,23,15/09/2019 17:48:35
64,23,15/09/2019 17:48:45
64,23,15/09/2019 17:48:56
64,23,15/09/2019 17:49:06
64,23,15/09/2019 17:49:17
64,23,15/09/2019 17:49:27
64,23,15/09/2019 17:49:37
64,23,15/09/2019 17:49:47
64,23,15/09/2019 17:49:57
64,23,15/09/2019 17:50:09
64,23,15/09/2019 17:50:19
64,23,15/09/2019 17:50:30
64,23,15/09/2019 17:50:40
64,23,15/09/2019 17:50:50
64,23,15/09/2019 17:51:00
64,23,15/09/2019 17:51:10
64,23,15/09/2019 17:51:22
64,23,15/09/2019 17:51:32
64,23,15/09/2019 17:51:43
64,23,15/09/2019 17:51:53
64,23,15/09/2019 17:52:04
64,23,15/09/2019 17:52:14
64,23,15/09/2019 17:52:24
64,23,15/09/2019 17:52:34
64,23,15/09/2019 17:52:45
64,23,15/09/2019 17:52:56
64,23,15/09/2019 17:53:06
64,23,15/09/2019 17:53:16
64,23,15/09/2019 17:53:26
64,23,15/09/2019 17:53:36
64,23,15/09/2019 17:53:46
64,23,15/09/2019 17:53:56
64,23,15/09/2019 17:54:06
64,23,15/09/2019 17:54:16
64,23,15/09/2019 17:54:27
64,23,15/09/2019 17:54:37
64,23,15/09/2019 17:54:47
64,23,15/09/2019 17:54:57
64,23,15/09/2019 17:55:08
64,23,15/09/2019 17:55:19
64,23,15/09/2019 17:55:29
64,23,15/09/2019 17:55:41
64,23,15/09/2019 17:55:51
64,23,15/09/2019 17:56:02
64,23,15/09/2019 17:56:12
64,23,15/09/2019 17:56:23
64,23,15/09/2019 17:56:33
64,23,15/09/2019 17:56:43
64,23,15/09/2019 17:56:53
64,23,15/09/2019 17:57:04
64,23,15/09/2019 17:57:14
64,23,15/09/2019 17:57:24
64,23,15/09/2019 17:57:34
64,23,15/09/2019 17:57:44
64,23,15/09/2019 17:57:54
64,23,15/09/2019 17:58:04
64,23,15/09/2019 17:58:15
64,23,15/09/2019 17:58:25
64,23,15/09/2019 17:58:35
64,23,15/09/2019 17:58:46
64,23,15/09/2019 17:58:56
64,23,15/09/2019 17:59:06
64,23,15/09/2019 17:59:16
64,23,15/09/2019 17:59:26
64,23,15/09/2019 17:59:36
64,23,15/09/2019 17:59:47
64,23,15/09/2019 17:59:57
64,23,15/09/2019 18:00:07
64,23,15/09/2019 18:00:17
64,23,15/09/2019 18:00:28
64,23,15/09/2019 18:00:38
64,23,15/09/2019 18:00:48
64,23,15/09/2019 18:00:58
64,23,15/09/2019 18:01:08
64,23,15/09/2019 18:01:18
64,23,15/09/2019 18:01:28
64,23,15/09/2019 18:01:39
64,23,15/09/2019 18:01:49
64,23,15/09/2019 18:02:01
64,23,15/09/2019 18:02:11
64,23,15/09/2019 18:02:21
64,23,15/09/2019 18:02:32
64,23,15/09/2019 18:02:42
64,23,15/09/2019 18:02:52
64,23,15/09/2019 18:03:02
64,23,15/09/2019 18:03:13
64,23,15/09/2019 18:03:24
64,23,15/09/2019 18:03:34
64,23,15/09/2019 18:03:44
64,23,15/09/2019 18:03:54
64,23,15/09/2019 18:04:04
64,23,15/09/2019 18:04:14
64,23,15/09/2019 18:04:25
64,23,15/09/2019 18:04:35
64,23,15/09/2019 18:04:45
64,23,15/09/2019 18:04:55
64,23,15/09/2019 18:05:06
64,23,15/09/2019 18:05:17
64,23,15/09/2019 18:05:27
64,23,15/09/2019 18:05:38
64,23,15/09/2019 18:05:48
64,23,15/09/2019 18:05:58
64,23,15/09/2019 18:06:08
64,23,15/09/2019 18:06:18
64,23,15/09/2019 18:06:29
64,23,15/09/2019 18:06:39
64,23,15/09/2019 18:06:49
64,23,15/09/2019 18:06:59
64,23,15/09/2019 18:07:09
65,23,15/09/2019 18:07:19
64,23,15/09/2019 18:07:29
65,23,15/09/2019 18:07:40
64,23,15/09/2019 18:07:50
64,23,15/09/2019 18:08:02
64,23,15/09/2019 18:08:12
64,23,15/09/2019 18:08:22
64,23,15/09/2019 18:08:32
65,23,15/09/2019 18:08:42
65,23,15/09/2019 18:08:52
64,23,15/09/2019 18:09:02
64,23,15/09/2019 18:09:12
65,23,15/09/2019 18:09:22
64,23,15/09/2019 18:09:33
65,23,15/09/2019 18:09:44
64,23,15/09/2019 18:09:55
64,23,15/09/2019 18:10:05
64,23,15/09/2019 18:10:16
64,23,15/09/2019 18:10:26
64,23,15/09/2019 18:10:37
64,23,15/09/2019 18:10:47
64,23,15/09/2019 18:10:59
64,23,15/09/2019 18:11:09
64,23,15/09/2019 18:11:20
65,23,15/09/2019 18:11:31
64,23,15/09/2019 18:11:42
64,23,15/09/2019 18:11:53
64,23,15/09/2019 18:12:04
64,23,15/09/2019 18:12:14
64,23,15/09/2019 18:12:25
64,23,15/09/2019 18:12:35
64,23,15/09/2019 18:12:46
64,23,15/09/2019 18:12:56
64,23,15/09/2019 18:13:07
64,23,15/09/2019 18:13:17
64,23,15/09/2019 18:13:27
64,23,15/09/2019 18:13:38
64,23,15/09/2019 18:13:48
64,23,15/09/2019 18:13:58
64,23,15/09/2019 18:14:08
64,23,15/09/2019 18:14:18
64,23,15/09/2019 18:14:28
64,23,15/09/2019 18:14:38
64,23,15/09/2019 18:14:49
64,23,15/09/2019 18:14:59
64,23,15/09/2019 18:15:10
64,23,15/09/2019 18:15:20
64,23,15/09/2019 18:15:30
64,23,15/09/2019 18:15:40
64,23,15/09/2019 18:15:50
64,23,15/09/2019 18:16:01
64,23,15/09/2019 18:16:13
64,23,15/09/2019 18:16:23
64,23,15/09/2019 18:16:33
65,23,15/09/2019 18:16:43
65,23,15/09/2019 18:16:53
64,23,15/09/2019 18:17:03
65,23,15/09/2019 18:17:13
64,23,15/09/2019 18:17:23
65,23,15/09/2019 18:17:33
65,23,15/09/2019 18:17:43
65,23,15/09/2019 18:17:54
65,23,15/09/2019 18:18:05
65,23,15/09/2019 18:18:16
64,23,15/09/2019 18:18:26
65,23,15/09/2019 18:18:37
65,23,15/09/2019 18:18:47
65,23,15/09/2019 18:18:57
65,23,15/09/2019 18:19:08
65,23,15/09/2019 18:19:18
65,23,15/09/2019 18:19:28
65,23,15/09/2019 18:19:38
65,23,15/09/2019 18:19:48
65,23,15/09/2019 18:19:58
65,23,15/09/2019 18:20:09
65,23,15/09/2019 18:20:19
65,23,15/09/2019 18:20:31
65,23,15/09/2019 18:20:41
65,23,15/09/2019 18:20:51
65,23,15/09/2019 18:21:01
65,23,15/09/2019 18:21:11
65,23,15/09/2019 18:21:21
65,23,15/09/2019 18:21:31
65,23,15/09/2019 18:21:42
65,23,15/09/2019 18:21:52
65,23,15/09/2019 18:22:04
65,23,15/09/2019 18:22:14
65,23,15/09/2019 18:22:25
65,23,15/09/2019 18:22:36
65,23,15/09/2019 18:22:46
65,23,15/09/2019 18:22:58
65,23,15/09/2019 18:23:08
65,23,15/09/2019 18:23:19
65,23,15/09/2019 18:23:30
65,23,15/09/2019 18:23:42
65,23,15/09/2019 18:23:52
65,23,15/09/2019 18:24:04
65,23,15/09/2019 18:24:15
65,23,15/09/2019 18:24:25
65,23,15/09/2019 18:24:36
65,23,15/09/2019 18:24:46
65,23,15/09/2019 18:24:58
65,23,15/09/2019 18:25:08
65,23,15/09/2019 18:25:18
65,23,15/09/2019 18:25:28
65,23,15/09/2019 18:25:38
65,23,15/09/2019 18:25:48
65,23,15/09/2019 18:25:59
65,23,15/09/2019 18:26:09
65,23,15/09/2019 18:26:19
65,23,15/09/2019 18:26:29
65,23,15/09/2019 18:26:40
65,23,15/09/2019 18:26:50
65,23,15/09/2019 18:27:01
65,23,15/09/2019 18:27:11
65,23,15/09/2019 18:27:21
65,23,15/09/2019 18:27:31
65,23,15/09/2019 18:27:41
65,23,15/09/2019 18:27:51
65,23,15/09/2019 18:28:01
65,23,15/09/2019 18:28:13
65,23,15/09/2019 18:28:24
65,23,15/09/2019 18:28:34
65,23,15/09/2019 18:28:45
65,23,15/09/2019 18:28:55
65,23,15/09/2019 18:29:06
65,23,15/09/2019 18:29:17
65,23,15/09/2019 18:29:27
65,23,15/09/2019 18:29:37
65,23,15/09/2019 18:29:47
65,23,15/09/2019 18:29:58
65,23,15/09/2019 18:30:08
65,23,15/09/2019 18:30:18
65,23,15/09/2019 18:30:28
65,23,15/09/2019 18:30:38
65,23,15/09/2019 18:30:48
65,23,15/09/2019 18:30:59
65,23,15/09/2019 18:31:09
65,23,15/09/2019 18:31:19
65,23,15/09/2019 18:31:29
65,23,15/09/2019 18:31:39
65,23,15/09/2019 18:31:49
65,23,15/09/2019 18:32:00
65,23,15/09/2019 18:32:10
65,23,15/09/2019 18:32:20
65,23,15/09/2019 18:32:30
65,23,15/09/2019 18:32:41
65,23,15/09/2019 18:32:52
65,23,15/09/2019 18:33:02
65,23,15/09/2019 18:33:13
65,23,15/09/2019 18:33:24
65,23,15/09/2019 18:33:34
65,23,15/09/2019 18:33:44
65,23,15/09/2019 18:33:55
65,23,15/09/2019 18:34:05
65,23,15/09/2019 18:34:16
65,23,15/09/2019 18:34:26
65,23,15/09/2019 18:34:36
65,23,15/09/2019 18:34:46
65,23,15/09/2019 18:34:56
65,23,15/09/2019 18:35:06
65,23,15/09/2019 18:35:16
65,23,15/09/2019 18:35:26
65,23,15/09/2019 18:35:38
65,23,15/09/2019 18:35:48
65,23,15/09/2019 18:35:59
65,23,15/09/2019 18:36:09
65,23,15/09/2019 18:36:20
65,23,15/09/2019 18:36:30
65,23,15/09/2019 18:36:40
65,23,15/09/2019 18:36:51
65,23,15/09/2019 18:37:01
65,23,15/09/2019 18:37:11
65,23,15/09/2019 18:37:21
65,23,15/09/2019 18:37:31
65,23,15/09/2019 18:37:41
65,23,15/09/2019 18:37:52
65,23,15/09/2019 18:38:02
65,23,15/09/2019 18:38:14
65,23,15/09/2019 18:38:24
66,23,15/09/2019 18:38:35
66,23,15/09/2019 18:38:46
65,23,15/09/2019 18:38:56
65,23,15/09/2019 18:39:06
66,23,15/09/2019 18:39:16
66,23,15/09/2019 18:39:26
66,23,15/09/2019 18:39:36
66,23,15/09/2019 18:39:47
66,23,15/09/2019 18:39:57
66,23,15/09/2019 18:40:07
66,23,15/09/2019 18:40:17
66,23,15/09/2019 18:40:28
66,23,15/09/2019 18:40:39
66,23,15/09/2019 18:40:49
66,23,15/09/2019 18:41:00
66,23,15/09/2019 18:41:10
66,22,15/09/2019 18:41:20
66,22,15/09/2019 18:41:30
66,22,15/09/2019 18:41:40
66,22,15/09/2019 18:41:50
66,22,15/09/2019 18:42:00
66,22,15/09/2019 18:42:10
66,22,15/09/2019 18:42:20
66,22,15/09/2019 18:42:30
66,22,15/09/2019 18:42:42
66,22,15/09/2019 18:42:52
66,22,15/09/2019 18:43:03
66,22,15/09/2019 18:43:13
66,22,15/09/2019 18:43:23
66,22,15/09/2019 18:43:34
66,22,15/09/2019 18:43:45
66,22,15/09/2019 18:43:56
66,22,15/09/2019 18:44:06
66,22,15/09/2019 18:44:16
66,22,15/09/2019 18:44:26
66,22,15/09/2019 18:44:37
66,22,15/09/2019 18:44:47
66,22,15/09/2019 18:44:58
66,22,15/09/2019 18:45:10
66,22,15/09/2019 18:45:20
66,22,15/09/2019 18:45:30
66,22,15/09/2019 18:45:40
66,22,15/09/2019 18:45:50
66,22,15/09/2019 18:46:00
66,22,15/09/2019 18:46:10
66,22,15/09/2019 18:46:20
66,22,15/09/2019 18:46:31
66,22,15/09/2019 18:46:42
66,22,15/09/2019 18:46:52
66,22,15/09/2019 18:47:02
66,22,15/09/2019 18:47:12
67,22,15/09/2019 18:47:22
66,22,15/09/2019 18:47:32
66,22,15/09/2019 18:47:42
66,22,15/09/2019 18:47:53
67,22,15/09/2019 18:48:03
67,22,15/09/2019 18:48:15
66,22,15/09/2019 18:48:25
66,22,15/09/2019 18:48:35
67,22,15/09/2019 18:48:45
66,22,15/09/2019 18:48:55
67,22,15/09/2019 18:49:06
66,22,15/09/2019 18:49:16
66,22,15/09/2019 18:49:28
66,22,15/09/2019 18:49:39
66,22,15/09/2019 18:49:49
66,22,15/09/2019 18:50:00
66,22,15/09/2019 18:50:10
66,22,15/09/2019 18:50:21
66,22,15/09/2019 18:50:32
66,22,15/09/2019 18:50:43
66,22,15/09/2019 18:50:53
66,22,15/09/2019 18:51:04
66,22,15/09/2019 18:51:14
67,22,15/09/2019 18:51:24
66,22,15/09/2019 18:51:34
66,22,15/09/2019 18:51:44
67,22,15/09/2019 18:51:55
67,22,15/09/2019 18:52:05
66,22,15/09/2019 18:52:15
66,22,15/09/2019 18:52:25
66,22,15/09/2019 18:52:35
66,22,15/09/2019 18:52:46
66,22,15/09/2019 18:52:56
66,22,15/09/2019 18:53:06
66,22,15/09/2019 18:53:16
66,22,15/09/2019 18:53:27
66,22,15/09/2019 18:53:38
66,22,15/09/2019 18:53:48
66,22,15/09/2019 18:53:58
66,22,15/09/2019 18:54:08
67,22,15/09/2019 18:54:18
66,22,15/09/2019 18:54:28
67,22,15/09/2019 18:54:38
66,22,15/09/2019 18:54:48
67,22,15/09/2019 18:54:59
67,22,15/09/2019 18:55:09
67,22,15/09/2019 18:55:19
66,22,15/09/2019 18:55:29
67,22,15/09/2019 18:55:39
67,22,15/09/2019 18:55:49
67,22,15/09/2019 18:55:59
67,22,15/09/2019 18:56:09
67,22,15/09/2019 18:56:19
67,22,15/09/2019 18:56:29
67,22,15/09/2019 18:56:39
67,22,15/09/2019 18:56:49
67,22,15/09/2019 18:57:00
67,22,15/09/2019 18:57:10
67,22,15/09/2019 18:57:20
67,22,15/09/2019 18:57:30
67,22,15/09/2019 18:57:40
67,22,15/09/2019 18:57:50
67,22,15/09/2019 18:58:00
67,22,15/09/2019 18:58:10
67,22,15/09/2019 18:58:20
67,22,15/09/2019 18:58:30
67,22,15/09/2019 18:58:40
67,22,15/09/2019 18:58:50
67,22,15/09/2019 18:59:01
67,22,15/09/2019 18:59:11
67,22,15/09/2019 18:59:21
67,22,15/09/2019 18:59:31
67,22,15/09/2019 18:59:41
67,22,15/09/2019 18:59:51
67,22,15/09/2019 19:00:02
67,22,15/09/2019 19:00:13
67,22,15/09/2019 19:00:24
67,22,15/09/2019 19:00:34
67,22,15/09/2019 19:00:44
67,22,15/09/2019 19:00:54
67,22,15/09/2019 19:01:05
67,22,15/09/2019 19:01:15
67,22,15/09/2019 19:01:25
67,22,15/09/2019 19:01:35
67,22,15/09/2019 19:01:45
67,22,15/09/2019 19:01:57
67,22,15/09/2019 19:02:07
67,22,15/09/2019 19:02:18
67,22,15/09/2019 19:02:28
67,22,15/09/2019 19:02:38
67,22,15/09/2019 19:02:48
67,22,15/09/2019 19:02:58
67,22,15/09/2019 19:03:10
67,22,15/09/2019 19:03:20
67,22,15/09/2019 19:03:31
67,22,15/09/2019 19:03:41
67,22,15/09/2019 19:03:51
67,22,15/09/2019 19:04:01
67,22,15/09/2019 19:04:11
67,22,15/09/2019 19:04:21
67,22,15/09/2019 19:04:31
67,22,15/09/2019 19:04:43
67,22,15/09/2019 19:04:53
67,22,15/09/2019 19:05:03
67,22,15/09/2019 19:05:13
67,22,15/09/2019 19:05:23
67,22,15/09/2019 19:05:33
67,22,15/09/2019 19:05:43
67,22,15/09/2019 19:05:53
67,22,15/09/2019 19:06:03
67,22,15/09/2019 19:06:13
67,22,15/09/2019 19:06:25
67,22,15/09/2019 19:06:36
67,22,15/09/2019 19:06:46
67,22,15/09/2019 19:06:56
67,22,15/09/2019 19:07:06
67,22,15/09/2019 19:07:16
67,22,15/09/2019 19:07:27
67,22,15/09/2019 19:07:38
67,22,15/09/2019 19:07:48
67,22,15/09/2019 19:07:58
67,22,15/09/2019 19:08:08
67,22,15/09/2019 19:08:19
67,22,15/09/2019 19:08:29
67,22,15/09/2019 19:08:40
67,22,15/09/2019 19:08:50
67,22,15/09/2019 19:09:02
67,22,15/09/2019 19:09:12
67,22,15/09/2019 19:09:22
67,22,15/09/2019 19:09:32
67,22,15/09/2019 19:09:42
67,22,15/09/2019 19:09:52
67,22,15/09/2019 19:10:02
67,22,15/09/2019 19:10:13
67,22,15/09/2019 19:10:23
67,22,15/09/2019 19:10:34
67,22,15/09/2019 19:10:44
67,22,15/09/2019 19:10:54
67,22,15/09/2019 19:11:04
67,22,15/09/2019 19:11:15
67,22,15/09/2019 19:11:25
67,22,15/09/2019 19:11:36
67,22,15/09/2019 19:11:47
67,22,15/09/2019 19:11:58
67,22,15/09/2019 19:12:09
67,22,15/09/2019 19:12:19
67,22,15/09/2019 19:12:30
67,22,15/09/2019 19:12:41
67,22,15/09/2019 19:12:51
67,22,15/09/2019 19:13:01
67,22,15/09/2019 19:13:11
67,22,15/09/2019 19:13:22
67,22,15/09/2019 19:13:32
67,22,15/09/2019 19:13:43
67,22,15/09/2019 19:13:53
67,22,15/09/2019 19:14:04
67,22,15/09/2019 19:14:14
67,22,15/09/2019 19:14:24
67,22,15/09/2019 19:14:35
67,22,15/09/2019 19:14:45
67,22,15/09/2019 19:14:56
67,22,15/09/2019 19:15:06
67,22,15/09/2019 19:15:16
67,22,15/09/2019 19:15:27
67,22,15/09/2019 19:15:37
67,22,15/09/2019 19:15:47
67,22,15/09/2019 19:15:57
67,22,15/09/2019 19:16:07
67,22,15/09/2019 19:16:17
67,22,15/09/2019 19:16:27
67,22,15/09/2019 19:16:37
67,22,15/09/2019 19:16:47
67,22,15/09/2019 19:16:58
67,22,15/09/2019 19:17:09
67,22,15/09/2019 19:17:20
67,22,15/09/2019 19:17:30
67,22,15/09/2019 19:17:40
67,22,15/09/2019 19:17:50
67,22,15/09/2019 19:18:00
67,22,15/09/2019 19:18:10
67,22,15/09/2019 19:18:22
67,22,15/09/2019 19:18:32
67,22,15/09/2019 19:18:43
67,22,15/09/2019 19:18:53
67,22,15/09/2019 19:19:04
67,22,15/09/2019 19:19:14
67,22,15/09/2019 19:19:26
67,22,15/09/2019 19:19:37
67,22,15/09/2019 19:19:47
67,22,15/09/2019 19:19:58
67,22,15/09/2019 19:20:08
67,22,15/09/2019 19:20:19
67,22,15/09/2019 19:20:30
67,22,15/09/2019 19:20:41
67,22,15/09/2019 19:20:51
67,22,15/09/2019 19:21:01
67,22,15/09/2019 19:21:11
67,22,15/09/2019 19:21:21
67,22,15/09/2019 19:21:32
67,22,15/09/2019 19:21:42
67,22,15/09/2019 19:21:53
67,22,15/09/2019 19:22:03
67,22,15/09/2019 19:22:13
67,22,15/09/2019 19:22:23
67,22,15/09/2019 19:22:34
67,22,15/09/2019 19:22:44
67,22,15/09/2019 19:22:55
67,22,15/09/2019 19:23:07
67,22,15/09/2019 19:23:17
67,22,15/09/2019 19:23:27
68,22,15/09/2019 19:23:37
68,22,15/09/2019 19:23:48
67,22,15/09/2019 19:23:58
67,22,15/09/2019 19:24:08
67,22,15/09/2019 19:24:19
67,22,15/09/2019 19:24:29
67,22,15/09/2019 19:24:41
67,22,15/09/2019 19:24:51
67,22,15/09/2019 19:25:01
68,22,15/09/2019 19:25:11
68,22,15/09/2019 19:25:21
68,22,15/09/2019 19:25:33
68,22,15/09/2019 19:25:43
67,22,15/09/2019 19:25:54
67,22,15/09/2019 19:26:05
67,22,15/09/2019 19:26:15
67,22,15/09/2019 19:26:27
67,22,15/09/2019 19:26:37
68,22,15/09/2019 19:26:47
68,22,15/09/2019 19:26:58
68,22,15/09/2019 19:27:08
67,22,15/09/2019 19:27:18
68,22,15/09/2019 19:27:28
67,22,15/09/2019 19:27:38
68,22,15/09/2019 19:27:49
67,22,15/09/2019 19:27:59
68,22,15/09/2019 19:28:09
67,22,15/09/2019 19:28:19
68,22,15/09/2019 19:28:29
68,22,15/09/2019 19:28:40
67,22,15/09/2019 19:28:50
67,22,15/09/2019 19:29:02
67,22,15/09/2019 19:29:12
68,22,15/09/2019 19:29:23
67,22,15/09/2019 19:29:33
68,22,15/09/2019 19:29:43
68,22,15/09/2019 19:29:53
68,22,15/09/2019 19:30:03
67,22,15/09/2019 19:30:13
68,22,15/09/2019 19:30:23
68,22,15/09/2019 19:30:33
68,22,15/09/2019 19:30:45
68,22,15/09/2019 19:30:55
68,22,15/09/2019 19:31:05
68,22,15/09/2019 19:31:15
68,22,15/09/2019 19:31:25
68,22,15/09/2019 19:31:36
68,22,15/09/2019 19:31:46
68,22,15/09/2019 19:31:57
68,22,15/09/2019 19:32:07
68,22,15/09/2019 19:32:17
68,22,15/09/2019 19:32:27
68,22,15/09/2019 19:32:38
67,22,15/09/2019 19:32:48
68,22,15/09/2019 19:32:59
67,22,15/09/2019 19:33:11
67,22,15/09/2019 19:33:21
68,22,15/09/2019 19:33:31
68,22,15/09/2019 19:33:42
68,22,15/09/2019 19:33:52
68,22,15/09/2019 19:34:02
67,22,15/09/2019 19:34:12
68,22,15/09/2019 19:34:22
68,22,15/09/2019 19:34:34
68,22,15/09/2019 19:34:45
67,22,15/09/2019 19:34:55
68,22,15/09/2019 19:35:05
68,22,15/09/2019 19:35:15
68,22,15/09/2019 19:35:25
68,22,15/09/2019 19:35:35
68,22,15/09/2019 19:35:47
68,22,15/09/2019 19:35:58
68,22,15/09/2019 19:36:08
68,22,15/09/2019 19:36:19
68,22,15/09/2019 19:36:29
68,22,15/09/2019 19:36:39
68,22,15/09/2019 19:36:49
68,22,15/09/2019 19:37:00
68,22,15/09/2019 19:37:10
68,22,15/09/2019 19:37:20
68,22,15/09/2019 19:37:30
68,22,15/09/2019 19:37:41
68,22,15/09/2019 19:37:51
68,22,15/09/2019 19:38:02
68,22,15/09/2019 19:38:13
68,22,15/09/2019 19:38:24
68,22,15/09/2019 19:38:35
68,22,15/09/2019 19:38:45
68,22,15/09/2019 19:38:55
68,22,15/09/2019 19:39:05
68,22,15/09/2019 19:39:15
68,22,15/09/2019 19:39:27
68,22,15/09/2019 19:39:37
68,22,15/09/2019 19:39:48
68,22,15/09/2019 19:39:58
68,22,15/09/2019 19:40:09
68,22,15/09/2019 19:40:19
68,22,15/09/2019 19:40:29
68,22,15/09/2019 19:40:40
68,22,15/09/2019 19:40:50
68,22,15/09/2019 19:41:00
68,22,15/09/2019 19:41:11
68,22,15/09/2019 19:41:22
68,22,15/09/2019 19:41:32
68,22,15/09/2019 19:41:44
68,22,15/09/2019 19:41:54
68,22,15/09/2019 19:42:04
68,22,15/09/2019 19:42:14
68,22,15/09/2019 19:42:24
68,22,15/09/2019 19:42:36
68,22,15/09/2019 19:42:47
68,22,15/09/2019 19:42:57
68,22,15/09/2019 19:43:07
68,22,15/09/2019 19:43:19
68,22,15/09/2019 19:43:29
68,22,15/09/2019 19:43:39
68,22,15/09/2019 19:43:49
68,22,15/09/2019 19:43:59
68,22,15/09/2019 19:44:11
68,22,15/09/2019 19:44:21
68,22,15/09/2019 19:44:32
68,22,15/09/2019 19:44:42
68,22,15/09/2019 19:44:53
68,22,15/09/2019 19:45:04
68,22,15/09/2019 19:45:15
68,22,15/09/2019 19:45:26
68,22,15/09/2019 19:45:36
68,22,15/09/2019 19:45:47
68,22,15/09/2019 19:45:58
68,22,15/09/2019 19:46:08
68,22,15/09/2019 19:46:19
68,22,15/09/2019 19:46:30
68,22,15/09/2019 19:46:40
68,22,15/09/2019 19:46:50
68,22,15/09/2019 19:47:00
68,22,15/09/2019 19:47:10
68,22,15/09/2019 19:47:21
68,22,15/09/2019 19:47:31
68,22,15/09/2019 19:47:41
68,22,15/09/2019 19:47:51
68,22,15/09/2019 19:48:02
68,22,15/09/2019 19:48:12
68,22,15/09/2019 19:48:23
68,22,15/09/2019 19:48:33
68,22,15/09/2019 19:48:45
68,22,15/09/2019 19:48:55
68,22,15/09/2019 19:49:05
68,22,15/09/2019 19:49:15
68,22,15/09/2019 19:49:25
68,22,15/09/2019 19:49:35
68,22,15/09/2019 19:49:45
68,22,15/09/2019 19:49:55
68,22,15/09/2019 19:50:05
68,22,15/09/2019 19:50:16
68,22,15/09/2019 19:50:26
68,22,15/09/2019 19:50:36
68,22,15/09/2019 19:50:47
68,22,15/09/2019 19:50:57
68,22,15/09/2019 19:51:08
68,22,15/09/2019 19:51:18
68,22,15/09/2019 19:51:30
68,22,15/09/2019 19:51:40
68,22,15/09/2019 19:51:51
68,22,15/09/2019 19:52:01
68,22,15/09/2019 19:52:12
68,22,15/09/2019 19:52:23
68,22,15/09/2019 19:52:34
68,22,15/09/2019 19:52:44
68,22,15/09/2019 19:52:55
68,22,15/09/2019 19:53:05
68,22,15/09/2019 19:53:15
68,22,15/09/2019 19:53:25
68,22,15/09/2019 19:53:35
68,22,15/09/2019 19:53:46
68,22,15/09/2019 19:53:57
68,22,15/09/2019 19:54:07
68,22,15/09/2019 19:54:18
68,22,15/09/2019 19:54:28
68,22,15/09/2019 19:54:38
68,22,15/09/2019 19:54:48
68,22,15/09/2019 19:54:59
68,22,15/09/2019 19:55:09
68,22,15/09/2019 19:55:19
68,22,15/09/2019 19:55:29
68,22,15/09/2019 19:55:40
68,22,15/09/2019 19:55:50
68,22,15/09/2019 19:56:01
68,22,15/09/2019 19:56:13
68,22,15/09/2019 19:56:23
68,22,15/09/2019 19:56:34
68,22,15/09/2019 19:56:44
68,22,15/09/2019 19:56:54
68,22,15/09/2019 19:57:04
68,22,15/09/2019 19:57:14
68,22,15/09/2019 19:57:24
68,22,15/09/2019 19:57:36
68,22,15/09/2019 19:57:46
68,22,15/09/2019 19:57:57
68,22,15/09/2019 19:58:08
68,22,15/09/2019 19:58:18
68,22,15/09/2019 19:58:30
68,22,15/09/2019 19:58:40
68,22,15/09/2019 19:58:51
68,22,15/09/2019 19:59:01
69,22,15/09/2019 19:59:12
68,22,15/09/2019 19:59:23
68,22,15/09/2019 19:59:34
69,22,15/09/2019 19:59:44
68,22,15/09/2019 19:59:54
69,22,15/09/2019 20:00:04
69,22,15/09/2019 20:00:14
69,22,15/09/2019 20:00:24
69,22,15/09/2019 20:00:36
68,22,15/09/2019 20:00:46
68,22,15/09/2019 20:00:57
69,22,15/09/2019 20:01:07
69,22,15/09/2019 20:01:18
68,22,15/09/2019 20:01:28
68,22,15/09/2019 20:01:39
68,22,15/09/2019 20:01:49
68,22,15/09/2019 20:01:59
68,22,15/09/2019 20:02:10
68,22,15/09/2019 20:02:20
68,22,15/09/2019 20:02:31
68,22,15/09/2019 20:02:41
68,22,15/09/2019 20:02:51
68,22,15/09/2019 20:03:03
68,22,15/09/2019 20:03:14
68,22,15/09/2019 20:03:24
68,22,15/09/2019 20:03:34
68,22,15/09/2019 20:03:44
68,22,15/09/2019 20:03:55
68,22,15/09/2019 20:04:05
68,22,15/09/2019 20:04:16
69,22,15/09/2019 20:04:26
68,22,15/09/2019 20:04:36
68,22,15/09/2019 20:04:46
68,22,15/09/2019 20:04:57
68,22,15/09/2019 20:05:07
69,22,15/09/2019 20:05:18
68,22,15/09/2019 20:05:29
68,22,15/09/2019 20:05:39
69,22,15/09/2019 20:05:49
68,22,15/09/2019 20:05:59
69,22,15/09/2019 20:06:10
68,22,15/09/2019 20:06:20
69,22,15/09/2019 20:06:31
69,22,15/09/2019 20:06:41
69,22,15/09/2019 20:06:53
69,22,15/09/2019 20:07:03
69,22,15/09/2019 20:07:14
68,22,15/09/2019 20:07:24
68,22,15/09/2019 20:07:34
69,22,15/09/2019 20:07:44
69,22,15/09/2019 20:07:54
68,22,15/09/2019 20:08:05
68,22,15/09/2019 20:08:16
68,22,15/09/2019 20:08:26
68,22,15/09/2019 20:08:37
69,22,15/09/2019 20:08:47
69,22,15/09/2019 20:08:57
69,22,15/09/2019 20:09:07
68,22,15/09/2019 20:09:18
68,22,15/09/2019 20:09:28
68,22,15/09/2019 20:09:39
68,22,15/09/2019 20:09:49
69,22,15/09/2019 20:10:00
69,22,15/09/2019 20:10:10
69,22,15/09/2019 20:10:22
69,22,15/09/2019 20:10:32
69,22,15/09/2019 20:10:43
69,22,15/09/2019 20:10:54
69,22,15/09/2019 20:11:04
69,22,15/09/2019 20:11:14
69,22,15/09/2019 20:11:26
69,22,15/09/2019 20:11:37
69,22,15/09/2019 20:11:47
69,22,15/09/2019 20:11:58
69,22,15/09/2019 20:12:08
69,22,15/09/2019 20:12:20
69,22,15/09/2019 20:12:30
69,22,15/09/2019 20:12:41
69,22,15/09/2019 20:12:51
69,22,15/09/2019 20:13:02
69,22,15/09/2019 20:13:12
69,22,15/09/2019 20:13:24
69,22,15/09/2019 20:13:34
69,22,15/09/2019 20:13:44
69,22,15/09/2019 20:13:55
69,22,15/09/2019 20:14:05
69,22,15/09/2019 20:14:16
69,22,15/09/2019 20:14:28
69,22,15/09/2019 20:14:38
69,22,15/09/2019 20:14:48
69,22,15/09/2019 20:14:59
69,22,15/09/2019 20:15:09
69,22,15/09/2019 20:15:20
69,22,15/09/2019 20:15:32
69,22,15/09/2019 20:15:42
69,22,15/09/2019 20:15:52
69,22,15/09/2019 20:16:02
69,22,15/09/2019 20:16:12
69,22,15/09/2019 20:16:22
69,22,15/09/2019 20:16:33
69,22,15/09/2019 20:16:44
69,22,15/09/2019 20:16:54
69,22,15/09/2019 20:17:04
69,22,15/09/2019 20:17:14
69,22,15/09/2019 20:17:25
69,22,15/09/2019 20:17:35
69,22,15/09/2019 20:17:46
69,22,15/09/2019 20:17:58
69,22,15/09/2019 20:18:08
69,22,15/09/2019 20:18:19
69,22,15/09/2019 20:18:30
69,22,15/09/2019 20:18:40
69,22,15/09/2019 20:18:52
69,22,15/09/2019 20:19:02
69,22,15/09/2019 20:19:13
69,22,15/09/2019 20:19:23
69,22,15/09/2019 20:19:34
69,22,15/09/2019 20:19:44
69,22,15/09/2019 20:19:56
69,22,15/09/2019 20:20:07
69,22,15/09/2019 20:20:17
69,22,15/09/2019 20:20:27
69,22,15/09/2019 20:20:38
69,22,15/09/2019 20:20:48
69,22,15/09/2019 20:21:00
69,22,15/09/2019 20:21:10
69,22,15/09/2019 20:21:21
69,22,15/09/2019 20:21:31
69,22,15/09/2019 20:21:42
69,22,15/09/2019 20:21:52
69,22,15/09/2019 20:22:03
69,22,15/09/2019 20:22:13
69,22,15/09/2019 20:22:23
69,22,15/09/2019 20:22:34
69,22,15/09/2019 20:22:44
69,22,15/09/2019 20:22:54
69,22,15/09/2019 20:23:06
69,22,15/09/2019 20:23:16
69,22,15/09/2019 20:23:26
69,22,15/09/2019 20:23:36
69,22,15/09/2019 20:23:46
69,22,15/09/2019 20:23:56
69,22,15/09/2019 20:24:06
69,22,15/09/2019 20:24:17
69,22,15/09/2019 20:24:27
69,22,15/09/2019 20:24:39
69,22,15/09/2019 20:24:49
69,22,15/09/2019 20:25:00
69,22,15/09/2019 20:25:10
69,22,15/09/2019 20:25:20
69,22,15/09/2019 20:25:30
69,22,15/09/2019 20:25:40
69,22,15/09/2019 20:25:51
69,22,15/09/2019 20:26:01
69,22,15/09/2019 20:26:11
69,22,15/09/2019 20:26:21
69,22,15/09/2019 20:26:31
69,22,15/09/2019 20:26:42
69,22,15/09/2019 20:26:52
69,22,15/09/2019 20:27:04
69,22,15/09/2019 20:27:14
69,22,15/09/2019 20:27:24
69,22,15/09/2019 20:27:34
69,22,15/09/2019 20:27:44
69,22,15/09/2019 20:27:54
69,22,15/09/2019 20:28:05
69,22,15/09/2019 20:28:17
69,22,15/09/2019 20:28:27
69,22,15/09/2019 20:28:37
69,22,15/09/2019 20:28:48
69,22,15/09/2019 20:28:58
69,22,15/09/2019 20:29:10
69,22,15/09/2019 20:29:20
69,22,15/09/2019 20:29:30
69,22,15/09/2019 20:29:40
69,22,15/09/2019 20:29:50
69,22,15/09/2019 20:30:01
69,22,15/09/2019 20:30:11
69,22,15/09/2019 20:30:23
69,22,15/09/2019 20:30:33
69,22,15/09/2019 20:30:44
69,22,15/09/2019 20:30:54
69,22,15/09/2019 20:31:05
69,22,15/09/2019 20:31:15
69,22,15/09/2019 20:31:25
69,22,15/09/2019 20:31:35
69,22,15/09/2019 20:31:46
69,22,15/09/2019 20:31:56
69,22,15/09/2019 20:32:06
69,22,15/09/2019 20:32:16
69,22,15/09/2019 20:32:26
69,22,15/09/2019 20:32:37
69,22,15/09/2019 20:32:47
69,22,15/09/2019 20:32:57
69,22,15/09/2019 20:33:09
69,22,15/09/2019 20:33:20
69,22,15/09/2019 20:33:30
69,22,15/09/2019 20:33:40
69,22,15/09/2019 20:33:51
69,22,15/09/2019 20:34:03
69,22,15/09/2019 20:34:13
69,22,15/09/2019 20:34:23
69,22,15/09/2019 20:34:34
69,22,15/09/2019 20:34:44
69,22,15/09/2019 20:34:55
69,22,15/09/2019 20:35:06
69,22,15/09/2019 20:35:17
69,22,15/09/2019 20:35:27
69,22,15/09/2019 20:35:38
69,22,15/09/2019 20:35:48
69,22,15/09/2019 20:36:00
69,22,15/09/2019 20:36:10
69,22,15/09/2019 20:36:21
69,22,15/09/2019 20:36:31
69,22,15/09/2019 20:36:41
69,22,15/09/2019 20:36:51
69,22,15/09/2019 20:37:01
69,22,15/09/2019 20:37:11
69,22,15/09/2019 20:37:23
69,22,15/09/2019 20:37:33
69,22,15/09/2019 20:37:44
69,22,15/09/2019 20:37:54
69,22,15/09/2019 20:38:04
69,22,15/09/2019 20:38:14
69,22,15/09/2019 20:38:24
69,22,15/09/2019 20:38:36
69,22,15/09/2019 20:38:46
69,22,15/09/2019 20:38:56
69,22,15/09/2019 20:39:06
69,22,15/09/2019 20:39:16
69,22,15/09/2019 20:39:26
69,22,15/09/2019 20:39:36
69,22,15/09/2019 20:39:48
69,22,15/09/2019 20:39:59
69,22,15/09/2019 20:40:09
69,22,15/09/2019 20:40:19
69,22,15/09/2019 20:40:29
69,22,15/09/2019 20:40:39
69,22,15/09/2019 20:40:49
69,22,15/09/2019 20:40:59
69,22,15/09/2019 20:41:11
69,22,15/09/2019 20:41:21
69,22,15/09/2019 20:41:31
69,22,15/09/2019 20:41:41
69,22,15/09/2019 20:41:51
69,22,15/09/2019 20:42:01
69,22,15/09/2019 20:42:12
69,22,15/09/2019 20:42:24
69,22,15/09/2019 20:42:34
69,22,15/09/2019 20:42:45
69,22,15/09/2019 20:42:55
69,22,15/09/2019 20:43:06
69,22,15/09/2019 20:43:16
69,22,15/09/2019 20:43:28
69,22,15/09/2019 20:43:38
69,22,15/09/2019 20:43:49
69,22,15/09/2019 20:43:59
69,22,15/09/2019 20:44:11
69,22,15/09/2019 20:44:21
69,22,15/09/2019 20:44:31
69,22,15/09/2019 20:44:42
69,22,15/09/2019 20:44:52
69,22,15/09/2019 20:45:02
69,22,15/09/2019 20:45:12
69,22,15/09/2019 20:45:22
69,22,15/09/2019 20:45:32
69,22,15/09/2019 20:45:43
69,22,15/09/2019 20:45:54
69,22,15/09/2019 20:46:04
69,22,15/09/2019 20:46:15
69,22,15/09/2019 20:46:25
70,22,15/09/2019 20:46:37
69,22,15/09/2019 20:46:47
69,22,15/09/2019 20:46:58
69,22,15/09/2019 20:47:08
69,22,15/09/2019 20:47:18
69,22,15/09/2019 20:47:28
69,22,15/09/2019 20:47:38
69,22,15/09/2019 20:47:50
69,22,15/09/2019 20:48:00
69,22,15/09/2019 20:48:10
69,22,15/09/2019 20:48:20
69,22,15/09/2019 20:48:30
70,22,15/09/2019 20:48:41
70,22,15/09/2019 20:48:51
69,22,15/09/2019 20:49:03
69,22,15/09/2019 20:49:13
69,22,15/09/2019 20:49:23
69,22,15/09/2019 20:49:33
70,22,15/09/2019 20:49:43
70,22,15/09/2019 20:49:54
69,22,15/09/2019 20:50:04
69,22,15/09/2019 20:50:14
69,22,15/09/2019 20:50:26
69,22,15/09/2019 20:50:36
69,22,15/09/2019 20:50:47
69,22,15/09/2019 20:50:57
69,22,15/09/2019 20:51:08
69,22,15/09/2019 20:51:19
69,22,15/09/2019 20:51:31
69,22,15/09/2019 20:51:41
69,22,15/09/2019 20:51:51
69,22,15/09/2019 20:52:01
69,22,15/09/2019 20:52:11
69,22,15/09/2019 20:52:21
69,22,15/09/2019 20:52:32
70,22,15/09/2019 20:52:42
69,22,15/09/2019 20:52:52
69,22,15/09/2019 20:53:02
70,22,15/09/2019 20:53:12
70,22,15/09/2019 20:53:22
69,22,15/09/2019 20:53:32
70,22,15/09/2019 20:53:42
70,22,15/09/2019 20:53:53
70,22,15/09/2019 20:54:03
70,22,15/09/2019 20:54:15
70,22,15/09/2019 20:54:25
70,22,15/09/2019 20:54:36
70,22,15/09/2019 20:54:46
70,22,15/09/2019 20:54:56
70,22,15/09/2019 20:55:08
70,22,15/09/2019 20:55:18
70,22,15/09/2019 20:55:29
70,22,15/09/2019 20:55:39
70,22,15/09/2019 20:55:50
70,22,15/09/2019 20:56:00
70,22,15/09/2019 20:56:12
70,22,15/09/2019 20:56:22
70,22,15/09/2019 20:56:32
70,22,15/09/2019 20:56:42
70,22,15/09/2019 20:56:52
70,22,15/09/2019 20:57:02
70,22,15/09/2019 20:57:12
70,22,15/09/2019 20:57:22
70,22,15/09/2019 20:57:32
70,22,15/09/2019 20:57:44
70,22,15/09/2019 20:57:54
70,22,15/09/2019 20:58:04
70,22,15/09/2019 20:58:14
70,22,15/09/2019 20:58:24
70,22,15/09/2019 20:58:35
70,22,15/09/2019 20:58:45
70,22,15/09/2019 20:58:56
70,22,15/09/2019 20:59:06
70,22,15/09/2019 20:59:16
70,22,15/09/2019 20:59:27
70,22,15/09/2019 20:59:37
70,22,15/09/2019 20:59:48
70,22,15/09/2019 20:59:58
70,22,15/09/2019 21:00:09
70,22,15/09/2019 21:00:20
70,22,15/09/2019 21:00:30
70,22,15/09/2019 21:00:41
70,22,15/09/2019 21:00:51
70,22,15/09/2019 21:01:03
70,22,15/09/2019 21:01:13
70,22,15/09/2019 21:01:23
70,22,15/09/2019 21:01:33
70,22,15/09/2019 21:01:43
70,22,15/09/2019 21:01:53
70,22,15/09/2019 21:02:04
70,22,15/09/2019 21:02:14
70,22,15/09/2019 21:02:25
70,22,15/09/2019 21:02:35
70,22,15/09/2019 21:02:45
70,22,15/09/2019 21:02:55
70,22,15/09/2019 21:03:05
70,22,15/09/2019 21:03:15
70,22,15/09/2019 21:03:25
70,22,15/09/2019 21:03:35
70,22,15/09/2019 21:03:45
70,22,15/09/2019 21:03:55
70,22,15/09/2019 21:04:05
70,22,15/09/2019 21:04:15
70,22,15/09/2019 21:04:27
70,22,15/09/2019 21:04:37
70,22,15/09/2019 21:04:47
70,22,15/09/2019 21:04:57
70,22,15/09/2019 21:05:07
70,22,15/09/2019 21:05:17
70,22,15/09/2019 21:05:27
70,22,15/09/2019 21:05:37
70,22,15/09/2019 21:05:47
70,22,15/09/2019 21:05:59
70,22,15/09/2019 21:06:09
70,22,15/09/2019 21:06:19
70,22,15/09/2019 21:06:30
70,22,15/09/2019 21:06:40
70,22,15/09/2019 21:06:50
70,22,15/09/2019 21:07:00
70,22,15/09/2019 21:07:11
70,22,15/09/2019 21:07:21
70,22,15/09/2019 21:07:31
70,22,15/09/2019 21:07:41
70,22,15/09/2019 21:07:51
70,22,15/09/2019 21:08:01
70,22,15/09/2019 21:08:12
70,22,15/09/2019 21:08:22
70,22,15/09/2019 21:08:34
70,22,15/09/2019 21:08:44
70,22,15/09/2019 21:08:55
70,22,15/09/2019 21:09:05
70,22,15/09/2019 21:09:15
70,22,15/09/2019 21:09:26
70,22,15/09/2019 21:09:39
70,22,15/09/2019 21:09:49
70,22,15/09/2019 21:09:59
70,22,15/09/2019 21:10:09
70,22,15/09/2019 21:10:19
70,22,15/09/2019 21:10:29
70,22,15/09/2019 21:10:40
70,22,15/09/2019 21:10:50
70,22,15/09/2019 21:11:00
70,22,15/09/2019 21:11:10
70,22,15/09/2019 21:11:20
70,22,15/09/2019 21:11:30
70,22,15/09/2019 21:11:40
70,22,15/09/2019 21:11:50
70,22,15/09/2019 21:12:00
70,22,15/09/2019 21:12:10
70,22,15/09/2019 21:12:22
70,22,15/09/2019 21:12:32
70,22,15/09/2019 21:12:43
70,22,15/09/2019 21:12:53
70,22,15/09/2019 21:13:05
70,22,15/09/2019 21:13:16
70,22,15/09/2019 21:13:26
70,22,15/09/2019 21:13:36
70,22,15/09/2019 21:13:46
70,22,15/09/2019 21:13:56
70,22,15/09/2019 21:14:07
70,22,15/09/2019 21:14:17
70,22,15/09/2019 21:14:29
70,22,15/09/2019 21:14:39
70,22,15/09/2019 21:14:49
70,22,15/09/2019 21:15:00
70,22,15/09/2019 21:15:10
70,22,15/09/2019 21:15:21
70,22,15/09/2019 21:15:32
70,22,15/09/2019 21:15:43
70,22,15/09/2019 21:15:53
70,22,15/09/2019 21:16:04
70,22,15/09/2019 21:16:14
70,22,15/09/2019 21:16:26
70,22,15/09/2019 21:16:36
70,22,15/09/2019 21:16:47
70,22,15/09/2019 21:16:57
70,22,15/09/2019 21:17:07
70,22,15/09/2019 21:17:17
70,22,15/09/2019 21:17:27
70,22,15/09/2019 21:17:39
70,22,15/09/2019 21:17:49
70,22,15/09/2019 21:17:59
70,22,15/09/2019 21:18:10
70,22,15/09/2019 21:18:20
70,22,15/09/2019 21:18:30
70,22,15/09/2019 21:18:42
70,22,15/09/2019 21:18:52
70,22,15/09/2019 21:19:02
70,22,15/09/2019 21:19:12
70,22,15/09/2019 21:19:22
70,22,15/09/2019 21:19:32
70,22,15/09/2019 21:19:42
70,22,15/09/2019 21:19:53
70,22,15/09/2019 21:20:03
70,22,15/09/2019 21:20:13
70,22,15/09/2019 21:20:24
70,22,15/09/2019 21:20:34
70,22,15/09/2019 21:20:44
70,22,15/09/2019 21:20:54
70,22,15/09/2019 21:21:05
70,22,15/09/2019 21:21:15
70,22,15/09/2019 21:21:26
70,22,15/09/2019 21:21:37
70,22,15/09/2019 21:21:47
70,22,15/09/2019 21:21:58
70,22,15/09/2019 21:22:08
70,22,15/09/2019 21:22:19
70,22,15/09/2019 21:22:29
70,22,15/09/2019 21:22:41
70,22,15/09/2019 21:22:51
70,22,15/09/2019 21:23:01
70,22,15/09/2019 21:23:11
70,22,15/09/2019 21:23:21
70,22,15/09/2019 21:23:31
70,22,15/09/2019 21:23:41
70,22,15/09/2019 21:23:51
70,22,15/09/2019 21:24:01
70,22,15/09/2019 21:24:11
70,22,15/09/2019 21:24:22
70,22,15/09/2019 21:24:32
70,22,15/09/2019 21:24:42
70,22,15/09/2019 21:24:52
70,22,15/09/2019 21:25:02
70,22,15/09/2019 21:25:12
70,22,15/09/2019 21:25:22
70,22,15/09/2019 21:25:32
70,22,15/09/2019 21:25:42
70,22,15/09/2019 21:25:52
70,22,15/09/2019 21:26:02
70,22,15/09/2019 21:26:12
70,22,15/09/2019 21:26:23
70,22,15/09/2019 21:26:33
70,22,15/09/2019 21:26:43
70,22,15/09/2019 21:26:53
70,22,15/09/2019 21:27:03
70,22,15/09/2019 21:27:13
70,22,15/09/2019 21:27:23
70,22,15/09/2019 21:27:33
70,22,15/09/2019 21:27:43
70,22,15/09/2019 21:27:53
70,22,15/09/2019 21:28:03
70,22,15/09/2019 21:28:14
70,22,15/09/2019 21:28:25
70,22,15/09/2019 21:28:35
